CustomerID,FirstName,LastName,Email,Phone,SignupDate
CUST000001,Danielle,Johnson,john21@example.net,001-581-896-0013x3890,2023-01-07 02:57:42
CUST000002,Bridget,Pacheco,blakeerik@example.com,942-335-1161x55940,2025-04-10 07:15:52
CUST000003,Nicholas,Arnold,barbara10@example.net,441.731.6475,2023-06-03 18:17:46
CUST000004,Elizabeth,Miles,lynchgeorge@example.net,527.264.8350,2024-10-08 06:23:09
CUST000005,Richard,Jones,jason76@example.net,724.523.8849x696,2025-05-06 19:30:13
CUST000006,Devon,Snyder,callahaneric@example.org,+1-669-716-6978x48018,2022-09-09 21:22:24
CUST000007,Ryan,Chavez,teresa28@example.org,+1-948-293-2528x8095,2022-09-10 05:39:57
CUST000008,Michael,Galloway,john39@example.org,671-882-2782,2025-03-31 17:14:21
CUST000009,Sarah,Campos,jenniferross@example.net,+1-557-587-1331x5098,2022-05-18 14:45:26
CUST000010,Jean,Brown,whiteheadmichele@example.org,334.373.8299x73763,2024-05-01 07:50:55
CUST000011,Michael,Jenkins,nuneztracey@example.org,4658133387,2022-11-27 15:50:52
CUST000012,Steven,Baxter,ramosmichelle@example.net,908-501-3267,2024-12-12 12:47:40
CUST000013,Rachel,Martin,gallowayjoseph@example.com,268-272-3430x9805,2024-02-09 09:58:09
CUST000014,Wesley,Farrell,brianromero@example.org,291-336-1939,2023-08-12 19:00:46
CUST000015,Brandy,Mills,james53@example.com,(524)675-1079x9118,2022-10-02 18:44:27
CUST000016,Michael,Jones,mikemoore@example.net,001-449-680-8412x411,2023-03-15 06:20:13
CUST000017,Jason,Cooper,william40@example.org,+1-264-300-5242x7868,2022-08-01 03:11:27
CUST000018,Nicole,Mckee,davenportbrandi@example.org,(420)545-0533x15869,2024-12-12 11:37:11
CUST000019,Theresa,Cochran,vjohnson@example.com,(534)221-6073x37543,2024-05-02 11:27:15
CUST000020,Raymond,Ramirez,rasmussenjoshua@example.net,768.750.1429x40196,2023-08-31 14:12:48
CUST000021,Tracey,Wilson,jonathanfletcher@example.org,783.856.1595x14846,2024-06-12 04:25:09
CUST000022,Angela,Lee,lbyrd@example.net,001-746-980-4436,2023-09-06 11:55:07
CUST000023,Emma,Dixon,donnacampbell@example.net,+1-395-913-4332x0037,2023-08-07 13:17:31
CUST000024,Crystal,Lee,psnyder@example.org,+1-401-963-2870x8317,2024-05-10 17:43:30
CUST000025,Vanessa,Larson,usalazar@example.net,(387)627-7434x87347,2023-01-22 12:16:24
CUST000026,Matthew,Orozco,taylorjesse@example.net,(231)566-5876,2024-11-07 18:09:43
CUST000027,Perry,Carrillo,gateskathy@example.com,805.946.6889x3734,2022-06-11 12:33:16
CUST000028,Matthew,Shelton,dramsey@example.org,+1-280-669-9016x272,2023-06-29 20:37:54
CUST000029,Jason,Murphy,aramirez@example.com,270-580-5310,2022-12-15 00:58:51
CUST000030,Andrew,Hernandez,thomaswilson@example.org,645.829.9124x190,2023-07-19 01:51:39
CUST000031,Jennifer,Jones,curtisbarton@example.net,+1-819-905-8651x850,2022-09-03 07:20:37
CUST000032,Susan,Reid,bzimmerman@example.org,001-684-998-7769x4531,2023-02-01 18:30:48
CUST000033,Steven,Bishop,frogers@example.com,(273)554-5494,2022-08-12 11:41:27
CUST000034,Jennifer,Freeman,hannahbrewer@example.com,701.843.6349x578,2025-05-06 01:15:25
CUST000035,Andrea,Bell,qnelson@example.org,635-618-2337,2025-04-18 09:36:05
CUST000036,Marissa,Phillips,harry08@example.org,900-984-2710x947,2023-05-18 19:32:02
CUST000037,Tammy,King,ewilson@example.com,519.802.2941x3186,2023-09-16 01:18:08
CUST000038,Scott,Dalton,ntorres@example.org,+1-213-834-1232x812,2023-09-16 01:01:10
CUST000039,Brittney,Carter,keithcampbell@example.com,434-693-6183,2024-10-31 21:38:56
CUST000040,Charles,Martin,brooke94@example.com,374-264-8877,2025-01-08 15:48:56
CUST000041,Jessica,Munoz,davissuzanne@example.net,001-604-490-2787,2025-05-06 09:30:33
CUST000042,Ryan,Olsen,harrisonricky@example.com,+1-712-356-7468x07154,2025-04-07 02:14:12
CUST000043,Richard,Robertson,sandovalamy@example.com,6384597703,2025-02-19 13:01:20
CUST000044,Samuel,Wolfe,johnsoncrystal@example.org,001-424-980-8613x171,2025-02-24 23:54:16
CUST000045,Kelly,Thornton,edavenport@example.org,682.263.9821x465,2023-03-16 10:47:26
CUST000046,Kenneth,Matthews,cgrimes@example.net,855.288.6753x3963,2023-04-24 03:27:21
CUST000047,Thomas,Mcintyre,qhughes@example.net,(370)928-9517,2022-05-27 13:07:01
CUST000048,Douglas,Pitts,charlesharrington@example.com,696-515-8657x80913,2024-08-05 10:48:08
CUST000049,Ryan,Garcia,wallaceheather@example.org,8504455623,2022-11-12 20:57:09
CUST000050,Christian,Pitts,tyleraguilar@example.org,647.840.7482x175,2024-06-04 15:13:16
CUST000051,Stephen,Turner,gcastaneda@example.org,(995)694-4064x0909,2024-09-06 04:15:18
CUST000052,Jerry,Pham,danaoliver@example.net,001-421-504-7095x21456,2022-10-02 10:56:30
CUST000053,Amber,Mata,maria47@example.com,001-651-371-2368x5160,2023-09-20 17:33:32
CUST000054,Emily,Chambers,xcarson@example.org,+1-437-209-8593x17461,2025-03-11 21:32:07
CUST000055,Kevin,Vasquez,youngamanda@example.com,258.769.2617x964,2023-01-03 15:37:46
CUST000056,Sean,Young,cory58@example.net,(706)543-1713x900,2025-04-27 11:59:44
CUST000057,Kristin,Harris,brendali@example.org,729-504-2284x21020,2024-02-14 12:50:13
CUST000058,Alfred,Baker,judyfox@example.net,577-258-9178,2024-07-15 01:43:41
CUST000059,Regina,Hopkins,stephen00@example.com,(761)877-1159x2124,2025-05-03 20:35:58
CUST000060,Alyssa,Chavez,sgarcia@example.org,+1-883-767-3657x6615,2024-05-08 00:49:00
CUST000061,Nicholas,Hernandez,fjones@example.org,(215)628-0988x51656,2024-02-27 04:33:33
CUST000062,Michael,Lane,ericolson@example.org,(285)614-9368x998,2022-06-11 10:40:18
CUST000063,Joshua,Farmer,michael22@example.net,+1-661-720-1836x67525,2024-09-07 09:01:20
CUST000064,Ashley,Miller,moorekaren@example.org,+1-814-376-7976x43815,2023-03-16 21:29:58
CUST000065,Erika,Tucker,brandon69@example.org,2349324451,2024-08-05 17:18:48
CUST000066,Gregory,James,vincentwhitaker@example.com,860-860-7159,2024-06-25 15:24:53
CUST000067,Robert,Wilson,burchgeorge@example.net,651.761.3696x816,2023-01-08 08:41:45
CUST000068,Kimberly,Jones,schmidtjames@example.com,(923)912-4329x212,2024-08-13 20:37:06
CUST000069,Kathleen,Cole,michelle52@example.com,377-644-9058,2023-09-28 08:22:29
CUST000070,Benjamin,Wood,chase19@example.net,267.998.0793x59782,2022-09-01 01:48:41
CUST000071,Rachel,Cooper,wagnergerald@example.org,001-777-288-9255x466,2024-09-20 22:39:57
CUST000072,Deborah,Jones,grantpaul@example.com,001-692-851-9254x6291,2024-04-14 08:47:06
CUST000073,Mark,Anderson,lucasrodney@example.com,4544235733,2022-08-03 05:40:50
CUST000074,Megan,Garcia,stanleynancy@example.net,(296)822-2927,2023-06-13 15:34:14
CUST000075,Jennifer,Montes,karen73@example.net,847.835.9774,2025-04-02 19:18:33
CUST000076,Lisa,Solis,moniquewilliams@example.com,(881)381-4124x782,2025-03-12 01:31:21
CUST000077,Jeffrey,Hayes,sarah60@example.com,653.961.5305x15220,2024-06-10 22:33:14
CUST000078,Dominic,Thornton,fgilbert@example.org,232-589-8614x341,2023-08-13 10:47:51
CUST000079,Laura,Bryant,copelandvincent@example.net,7895324609,2024-01-25 14:49:28
CUST000080,Jacob,Barnett,carlos88@example.net,380.767.0654x05153,2022-10-03 19:47:10
CUST000081,Michael,Morgan,mariacohen@example.net,822.917.0430x3054,2023-02-12 02:52:04
CUST000082,Karen,Lee,michelle05@example.com,956-767-6527,2025-02-15 20:39:40
CUST000083,April,Owen,mmiller@example.org,+1-845-411-5447,2024-06-04 00:48:04
CUST000084,Michael,Williams,christina64@example.net,9162582029,2022-09-25 23:06:26
CUST000085,Joel,Brewer,patrick90@example.net,(775)857-1928,2023-04-19 23:49:53
CUST000086,Joshua,Horne,fitzgeraldvictor@example.com,+1-514-347-3947,2022-10-06 08:43:30
CUST000087,Charles,Thompson,zosborn@example.net,451-588-4422x58313,2024-09-22 04:47:10
CUST000088,Anthony,Spencer,tanner82@example.net,314-467-8669,2025-04-09 11:55:17
CUST000089,Dawn,Cole,david89@example.org,001-626-380-1824x22535,2023-02-09 03:41:23
CUST000090,Cynthia,Pierce,colleenmendez@example.org,629.592.2995x90010,2024-08-27 13:27:53
CUST000091,Robert,Fowler,ismall@example.com,+1-947-536-4710x2767,2023-05-18 06:02:34
CUST000092,Douglas,Hensley,jessica56@example.org,001-258-681-5371x47321,2025-03-10 22:29:49
CUST000093,Michelle,Barnes,lisapeck@example.net,532-578-7747x01687,2024-02-08 12:03:55
CUST000094,Brandon,Campbell,amitchell@example.org,(624)356-5060x98358,2023-07-07 19:01:45
CUST000095,Shannon,Pierce,andersoncolin@example.com,985-923-9868x00025,2022-10-20 19:56:34
CUST000096,Patricia,Taylor,francisco94@example.net,688-287-9470x55169,2024-02-23 08:34:00
CUST000097,Joseph,Rios,jennifersilva@example.org,896.523.0913x07562,2023-08-03 02:30:01
CUST000098,Kimberly,Knapp,thorntonapril@example.net,578-565-2785x85497,2023-03-12 06:04:13
CUST000099,Kenneth,David,kellie37@example.com,258.644.1986x6524,2025-03-21 19:25:36
CUST000100,Christian,Bradshaw,julie33@example.net,584-221-9933x083,2022-08-28 10:59:04
CUST000101,Mark,Kennedy,adampierce@example.org,(877)434-5401x93802,2025-02-26 09:16:06
CUST000102,Benjamin,Huff,vlopez@example.com,9044991547,2024-11-27 15:37:55
CUST000103,Taylor,Lee,riverajessica@example.net,720-354-9329x668,2023-07-23 15:40:47
CUST000104,Cody,Holden,pmorris@example.org,563-274-5499x045,2024-05-10 23:12:04
CUST000105,Steven,Moore,hannah45@example.net,932.572.7956,2024-08-21 23:27:10
CUST000106,Erin,Larson,foxallison@example.com,491-408-8398,2023-05-05 00:42:49
CUST000107,Abigail,Wilson,jenniferburns@example.net,207.828.6790x874,2023-02-13 08:55:04
CUST000108,Aaron,Robinson,williamsmelvin@example.org,+1-801-770-4622,2025-05-01 22:03:13
CUST000109,Patrick,Kane,rbennett@example.net,+1-525-212-8682,2024-08-15 18:10:38
CUST000110,Tiffany,Ford,opatel@example.org,352.343.1069x033,2024-02-20 02:38:03
CUST000111,Sean,Powers,sanchezbradley@example.com,783.702.8439,2023-01-25 03:37:12
CUST000112,Nancy,Odom,roberthill@example.net,001-726-887-0568,2023-07-31 18:50:00
CUST000113,Kevin,White,oallen@example.com,001-627-508-6688x263,2023-05-07 09:05:37
CUST000114,Christian,Cole,christopher30@example.com,(299)501-3983x7354,2025-03-01 22:20:26
CUST000115,Suzanne,Wilson,srocha@example.net,001-636-738-5467x854,2023-11-23 06:36:03
CUST000116,Tyler,Garcia,ugill@example.org,(856)609-3204x899,2022-10-24 15:09:14
CUST000117,Mark,James,victorpena@example.net,247-377-2522x87280,2025-03-10 17:19:32
CUST000118,Elizabeth,Duran,otaylor@example.org,920-938-7509,2022-05-27 23:12:46
CUST000119,Amanda,Jenkins,morenojoshua@example.com,5866211823,2024-10-19 09:36:59
CUST000120,Joseph,Sanders,susan79@example.org,001-234-410-1666x870,2022-08-09 06:46:24
CUST000121,Megan,Newman,ariel18@example.org,239.474.0148,2025-02-20 17:45:43
CUST000122,Leonard,Ali,karenmarquez@example.com,842-493-9685,2024-09-22 08:04:18
CUST000123,Hannah,Miller,brian63@example.org,899-496-5047x73586,2024-05-24 00:09:47
CUST000124,Donna,Miller,lauren11@example.com,(662)965-5110,2023-06-08 20:24:50
CUST000125,Joseph,Anderson,ryanhawkins@example.net,(810)315-8199x56046,2024-07-12 10:40:42
CUST000126,Anita,Haney,ashleyjackson@example.com,(824)644-7212,2023-08-14 20:21:06
CUST000127,Todd,Jones,sheryl79@example.net,871.724.0659,2023-09-04 18:50:26
CUST000128,Ryan,Colon,kevinmorrison@example.net,575.726.5479,2023-06-26 12:30:56
CUST000129,Lisa,Long,frederickjames@example.net,(980)473-7416,2024-04-03 05:51:12
CUST000130,John,Hopkins,emccormick@example.com,+1-379-368-8680x589,2024-08-29 17:53:40
CUST000131,Diane,Kelly,hartdeanna@example.net,(556)910-1438x8899,2023-06-24 09:38:40
CUST000132,Steven,Frazier,michaeljohnson@example.org,961-312-5457x3875,2023-09-02 12:46:59
CUST000133,Heather,Flores,bradley10@example.com,+1-812-438-2825x8673,2022-11-30 20:01:50
CUST000134,Diane,Foster,shannonjordan@example.org,001-933-341-9182x553,2023-02-22 00:25:46
CUST000135,Michelle,Rose,candice96@example.net,355-479-2499,2023-04-18 16:18:12
CUST000136,John,Wilson,heather86@example.com,+1-629-466-2782x827,2022-12-01 14:43:58
CUST000137,Megan,Harvey,stephanie72@example.org,(588)676-7677x2190,2022-06-15 13:00:32
CUST000138,Jeffrey,Roberts,xcunningham@example.com,+1-281-991-4858,2023-12-29 23:56:46
CUST000139,Veronica,Garcia,kennethkidd@example.com,451-571-3395x962,2024-10-17 13:20:49
CUST000140,Linda,Hudson,candice25@example.net,449-748-1260x4223,2024-11-02 22:17:02
CUST000141,Kathleen,Lowe,othomas@example.com,+1-266-371-1684x5775,2024-07-19 02:40:24
CUST000142,Stephen,Beck,melissa86@example.org,(237)345-4589x29750,2024-03-26 09:46:48
CUST000143,Mary,Smith,scottsmith@example.com,724.424.1541,2022-07-06 10:45:06
CUST000144,Connie,Barber,rubendavis@example.org,2372129387,2024-06-10 10:04:27
CUST000145,Lisa,Mcneil,ebenson@example.org,861.411.5542,2024-04-12 06:24:12
CUST000146,Erica,Jones,bishopfrank@example.com,001-732-869-7311x2196,2023-04-20 02:56:19
CUST000147,Donald,Hill,wrightcarolyn@example.net,+1-540-943-8983x640,2023-07-07 06:51:18
CUST000148,John,Little,ricetiffany@example.com,626-596-5827x10910,2022-06-23 08:25:55
CUST000149,Bruce,Mccormick,courtney86@example.com,001-561-488-9241x418,2023-12-19 02:06:57
CUST000150,Peter,Walters,collinssamuel@example.org,6314617990,2022-09-18 12:44:39
CUST000151,Jean,Miles,tylerreed@example.net,001-642-352-4105x6481,2023-11-05 00:32:25
CUST000152,William,Brown,michaelscott@example.org,001-913-780-0030,2023-07-04 02:28:58
CUST000153,Edward,Velazquez,tranrobin@example.net,+1-263-453-6541x9518,2023-01-10 03:05:08
CUST000154,Zachary,Williams,djones@example.com,001-945-718-7053x49493,2024-02-17 15:25:11
CUST000155,Trevor,Barton,jessicapayne@example.org,(206)803-8505,2024-11-25 09:39:34
CUST000156,Jessica,Garcia,robertwoodward@example.org,001-441-803-8657x191,2022-07-31 16:19:38
CUST000157,Ashley,Graham,joelgreen@example.com,(455)974-3132x9121,2023-10-03 01:42:38
CUST000158,Richard,Herrera,shannonford@example.org,524-790-3521,2023-07-18 15:05:12
CUST000159,Brandon,Evans,anthonysullivan@example.com,+1-283-517-1210,2022-09-30 20:58:43
CUST000160,Madison,Watson,aguilarjonathan@example.org,9132721510,2022-11-10 16:32:19
CUST000161,Audrey,Underwood,ycrawford@example.net,(625)932-4472x09993,2023-08-04 20:56:14
CUST000162,Andrea,Brown,patrick63@example.net,638.406.5787x59856,2022-06-08 06:43:01
CUST000163,Carla,Johnson,brian78@example.com,001-493-421-3348x03965,2023-01-24 18:20:45
CUST000164,Louis,Rojas,robin05@example.net,001-229-337-8427,2022-07-11 05:52:35
CUST000165,Carolyn,Smith,nsmith@example.org,(352)750-0292,2025-03-27 13:15:58
CUST000166,Nathaniel,Mcmahon,vwillis@example.com,622-667-5289x53926,2022-09-27 04:29:50
CUST000167,Jessica,Rush,xrosales@example.net,4297593917,2024-08-03 21:24:17
CUST000168,John,Haas,daisymccarty@example.net,+1-957-804-3315x41006,2025-04-05 21:46:41
CUST000169,Nicole,Snyder,ybell@example.org,793.427.1040x5411,2025-01-07 00:36:57
CUST000170,Eugene,Jones,morgantricia@example.com,001-806-629-6201x533,2024-05-03 02:17:41
CUST000171,Kenneth,Davis,farmstrong@example.org,3502614973,2022-12-23 08:30:23
CUST000172,Danielle,Rowland,tanthony@example.com,674.918.6256x5270,2023-10-01 23:30:19
CUST000173,Jeremy,Adams,hernandezheather@example.org,858-969-3806,2024-01-27 20:42:49
CUST000174,Joe,Evans,torr@example.org,898.399.2172x23320,2025-04-26 21:46:44
CUST000175,Ryan,Osborn,maryscott@example.net,916-286-8548,2024-09-18 00:19:58
CUST000176,Cindy,Mills,jrodriguez@example.org,001-799-811-9148,2023-02-23 23:17:34
CUST000177,Diana,Armstrong,rjohnson@example.com,(999)660-6530,2025-01-16 23:45:59
CUST000178,Andrew,Roth,larry71@example.org,(947)554-6913,2025-02-03 22:47:46
CUST000179,Richard,Washington,lori82@example.org,986-228-9023x3030,2025-02-08 23:38:19
CUST000180,Janet,Hill,owagner@example.org,+1-603-357-9727x98552,2023-03-18 21:24:19
CUST000181,Paul,Martin,mercedesholland@example.net,246.580.0722,2023-02-11 02:36:10
CUST000182,Linda,Torres,rodney65@example.com,637-648-9691x085,2024-05-29 04:09:33
CUST000183,Timothy,Rogers,danielle44@example.net,001-943-628-3096x520,2023-02-18 19:30:16
CUST000184,Robert,Price,aguilarwanda@example.org,638-475-8428x24172,2025-03-12 14:55:43
CUST000185,Rachel,Pena,michaelgarner@example.com,(955)549-4717x09991,2023-11-09 18:19:39
CUST000186,Mikayla,James,robert22@example.org,969-672-5217x52500,2022-12-26 00:21:03
CUST000187,Kim,Johnston,tracygallagher@example.org,(296)566-6760,2024-07-18 19:30:09
CUST000188,Stephanie,Mcclain,andrewsmith@example.net,635.442.1689,2022-07-21 05:31:30
CUST000189,Brandon,Fry,mluna@example.net,262-457-5326x03323,2022-09-22 14:28:44
CUST000190,Jennifer,Conner,qmcdowell@example.net,+1-609-901-0016x761,2024-06-17 06:52:44
CUST000191,Jamie,Jennings,turnerdorothy@example.net,549.592.6189x14117,2024-09-08 14:32:33
CUST000192,Marie,Dudley,jade42@example.org,+1-373-975-3001,2022-10-21 01:17:58
CUST000193,Christopher,Hunt,conwaydawn@example.com,247-201-2045x5611,2024-11-28 16:18:31
CUST000194,Elizabeth,Jackson,patricia94@example.net,855-921-6674,2024-10-02 15:07:49
CUST000195,Deborah,Robles,andersonjessica@example.org,769-279-7296,2024-12-10 06:16:24
CUST000196,Nichole,Acosta,timothyfreeman@example.com,301.845.0899x358,2024-05-04 07:36:24
CUST000197,John,Reed,jhernandez@example.net,7025877217,2023-05-08 01:41:55
CUST000198,Joshua,Hunter,ppowell@example.org,879.871.7751x701,2022-06-18 23:26:43
CUST000199,Andrea,Petersen,pamela83@example.net,+1-375-350-3758x99757,2024-08-19 04:42:37
CUST000200,Jeffrey,Peterson,amy51@example.org,(372)861-4933,2023-01-01 19:28:27
CUST000201,Makayla,Lee,daniel60@example.net,+1-991-477-9827x08086,2024-06-06 06:45:06
CUST000202,Glenn,Ochoa,hughescaroline@example.com,666.793.4654x72269,2024-06-28 05:50:25
CUST000203,Selena,Chen,jasonklein@example.net,(822)688-5158x799,2024-12-26 13:53:02
CUST000204,Robert,Smith,johnsondustin@example.net,5342244204,2023-06-07 11:57:24
CUST000205,Shaun,Jensen,juliahoffman@example.org,540.766.6580x04397,2024-08-14 14:00:45
CUST000206,Amy,Morrison,kellythompson@example.net,622-481-6064,2022-11-02 22:59:32
CUST000207,Meghan,Smith,jmckinney@example.org,(759)309-4798,2024-09-15 06:07:43
CUST000208,Louis,Robinson,abigailhartman@example.org,(988)261-5335x55439,2022-09-13 08:40:30
CUST000209,Michael,Allen,susanfleming@example.com,(216)648-4085x8877,2025-01-18 08:37:22
CUST000210,James,Palmer,jacksonstephanie@example.net,+1-801-333-6138,2024-08-05 14:04:23
CUST000211,Eric,Stevens,benjamin10@example.org,281-893-4667x665,2024-05-17 00:04:22
CUST000212,Amanda,May,avilabrenda@example.net,958-814-4914,2023-07-17 09:21:31
CUST000213,Donna,Wells,derekmyers@example.net,824-350-8821x0099,2023-04-09 09:03:56
CUST000214,Kaitlin,Berger,jason82@example.org,(939)343-1290,2023-03-25 00:08:03
CUST000215,Carlos,Garcia,wlynn@example.org,+1-431-749-1357x75949,2024-10-11 04:07:55
CUST000216,Susan,Jackson,john36@example.com,(325)677-7547x812,2024-12-06 00:46:37
CUST000217,Donald,Ryan,jessica11@example.org,709.896.9308x48872,2023-01-10 06:16:51
CUST000218,Kelsey,Quinn,dennis88@example.org,(458)903-9282x7229,2025-03-04 03:18:28
CUST000219,Billy,Juarez,bryanwood@example.org,+1-438-856-7700x51844,2024-04-25 12:22:10
CUST000220,Michael,Valdez,blacknicholas@example.org,665.557.7908x27231,2022-10-22 06:06:00
CUST000221,Eric,Guzman,guerrerorobert@example.com,001-417-477-3926x0302,2024-03-30 02:06:16
CUST000222,Benjamin,Armstrong,jacksonsandra@example.net,(899)404-1379x7723,2024-09-26 20:17:33
CUST000223,Lori,White,gary57@example.net,001-813-466-2103,2024-03-03 18:36:42
CUST000224,Gregory,Valenzuela,richamanda@example.org,772-298-0686,2024-06-12 15:50:06
CUST000225,Roy,Mays,yclarke@example.com,001-691-862-4731,2023-02-17 00:53:49
CUST000226,Adam,Manning,lanedavid@example.org,(735)665-1269x4486,2025-04-30 18:15:04
CUST000227,Raymond,Harris,jwhite@example.net,844.795.6213x7213,2024-10-03 16:13:06
CUST000228,Christina,Cohen,martintamara@example.org,727-396-1143,2024-03-07 15:03:38
CUST000229,Jenny,Arias,hmendez@example.com,001-590-427-7038x430,2024-05-17 19:08:34
CUST000230,Michael,Pena,christopherhill@example.com,(766)793-8011x848,2025-03-30 12:58:55
CUST000231,Joshua,Obrien,shawnpowell@example.org,626-681-8184x518,2024-06-08 21:08:39
CUST000232,Tammy,Hart,katherineali@example.com,+1-279-607-1416x33565,2023-02-06 13:59:31
CUST000233,Christopher,Nunez,charles27@example.com,(539)542-3733x343,2024-11-10 00:01:04
CUST000234,Mary,Kelly,wilsonchristian@example.net,490.680.7595x7947,2023-07-20 10:03:19
CUST000235,Karen,Anderson,imendoza@example.org,356.727.1875x00369,2023-06-10 16:41:28
CUST000236,Michelle,Lopez,joel79@example.com,(427)563-6556x472,2024-10-18 06:42:46
CUST000237,Jennifer,Brock,mchase@example.org,001-627-202-6728x8574,2023-07-20 23:47:03
CUST000238,Hannah,Brown,thomas17@example.net,445-658-8450x61593,2023-06-03 14:02:51
CUST000239,Emily,Freeman,ypreston@example.net,572-725-6996x1125,2023-04-22 17:20:32
CUST000240,Kelly,Adams,cnelson@example.com,001-498-876-2202x3413,2022-08-31 12:52:01
CUST000241,Caleb,Johns,johnsonrandy@example.org,649-921-6433,2024-03-26 17:41:40
CUST000242,David,Roberson,johnsonmichael@example.com,878.648.7282x9979,2025-01-30 00:16:57
CUST000243,Timothy,Perez,ramosmichael@example.com,(240)908-2547,2025-03-12 15:49:32
CUST000244,Thomas,Smith,myates@example.org,4858368663,2024-11-02 20:50:23
CUST000245,Jeffrey,Miller,zacharymarsh@example.net,001-944-984-6312x241,2023-03-04 17:28:01
CUST000246,Cindy,Lopez,hernandeztara@example.org,(414)242-7031,2023-11-02 05:03:10
CUST000247,Matthew,Collins,dbolton@example.net,9514204618,2022-12-07 04:35:44
CUST000248,Mckenzie,Roth,martinezkayla@example.org,(473)203-7183x7645,2024-08-03 05:08:38
CUST000249,Andrea,Martinez,mlittle@example.com,3318365024,2024-09-20 20:28:50
CUST000250,Albert,Williams,jbarker@example.com,001-413-927-1950x05281,2023-01-20 12:28:17
CUST000251,Tina,Kramer,linda73@example.org,001-565-424-0778x487,2023-12-27 00:07:48
CUST000252,Mario,Mcdonald,caseymoore@example.com,585-770-8620x959,2024-07-08 05:45:21
CUST000253,Dominique,Ryan,rlee@example.com,001-482-294-5651x18102,2022-12-18 00:25:08
CUST000254,Todd,Garcia,hbarrett@example.net,001-994-205-3910x371,2023-06-09 22:55:07
CUST000255,Julia,Zamora,laura09@example.com,501.441.3811x38633,2024-01-12 05:09:04
CUST000256,Angela,Reese,emily61@example.org,(786)785-2897,2024-01-03 01:55:11
CUST000257,Wendy,Kirk,bduran@example.net,293-698-3684x57760,2024-02-22 02:25:45
CUST000258,Zachary,Holder,adam33@example.com,2489889921,2023-06-04 04:24:55
CUST000259,Devon,Richardson,jesseshepherd@example.org,001-369-631-5727,2022-06-20 15:54:27
CUST000260,Lindsey,James,weeksmatthew@example.com,(713)590-6048x05892,2022-10-25 11:48:43
CUST000261,Emily,Osborn,kmullins@example.net,936-246-2251,2023-12-31 23:13:38
CUST000262,Jose,Ross,iayala@example.org,683.876.9389x8331,2023-04-29 21:02:24
CUST000263,Sandra,Davis,whenderson@example.org,559-704-2597x92703,2022-10-28 13:13:53
CUST000264,Jessica,Miller,sanchezchristine@example.org,605-914-7705x3833,2024-03-22 23:19:32
CUST000265,Victoria,Neal,bennettrebecca@example.net,9422043940,2022-07-22 15:58:19
CUST000266,Donna,Alvarado,michelle04@example.net,(936)281-5798x1238,2022-06-23 06:28:31
CUST000267,Sandra,Torres,klong@example.org,(655)543-8404x608,2022-10-23 20:40:23
CUST000268,Penny,Sandoval,blairabigail@example.net,+1-436-539-2649x578,2024-04-24 04:45:48
CUST000269,Bianca,Sutton,michelleparker@example.net,226.729.2518x81252,2024-12-29 11:38:54
CUST000270,Robert,Jenkins,oreese@example.net,523-512-2099x499,2023-01-18 14:09:34
CUST000271,Anthony,Miller,manderson@example.com,001-252-667-7223x306,2025-03-16 04:59:12
CUST000272,Jeffrey,Powers,katherinejones@example.com,+1-275-373-6609x656,2023-09-17 06:04:56
CUST000273,Margaret,Williams,aprilfoster@example.net,6866803476,2023-09-27 21:59:08
CUST000274,Roberto,Austin,vaughnrebecca@example.com,+1-271-481-2982x6657,2023-09-19 12:30:43
CUST000275,Peggy,Huang,udavis@example.net,+1-821-811-7518x6892,2022-06-27 19:38:02
CUST000276,George,Rogers,fernandothomas@example.net,5642474212,2024-03-22 10:40:03
CUST000277,Johnny,Ellis,astephens@example.net,633.597.7671x9903,2022-07-03 07:22:05
CUST000278,Eddie,Delgado,thomasantonio@example.net,+1-445-910-1622x499,2024-08-08 06:18:03
CUST000279,Michael,Johnson,marcus61@example.com,+1-814-572-1458,2024-06-10 16:10:53
CUST000280,Cheryl,Rodriguez,webbhaley@example.net,969-954-8995x2997,2024-10-11 11:30:21
CUST000281,Nicole,Hall,tiffany01@example.org,513.696.6055x830,2023-02-13 07:52:28
CUST000282,Carlos,Evans,katie15@example.com,(499)902-3557x7027,2025-01-11 13:04:30
CUST000283,Amanda,Rogers,dreilly@example.net,295-788-0395x5124,2025-04-21 19:17:00
CUST000284,Courtney,Kirby,hlopez@example.com,001-650-446-1735x743,2022-09-10 15:13:12
CUST000285,Kristen,Strickland,wallaceangel@example.com,923.857.8452x18230,2024-06-30 05:13:26
CUST000286,Alexandra,Smith,mcdanielbrooke@example.org,670-718-4094x35334,2024-09-02 22:37:37
CUST000287,Emily,Nelson,joshuasmith@example.net,+1-481-638-5854,2024-01-29 08:40:55
CUST000288,George,Collins,amber02@example.org,701.660.1662x9979,2023-05-09 15:28:10
CUST000289,James,Chang,beltrankatelyn@example.com,001-521-571-7477,2022-10-15 02:47:17
CUST000290,Paula,Scott,philip55@example.com,401.371.5772x4599,2023-07-28 23:12:35
CUST000291,Jennifer,Rodriguez,sparksamanda@example.com,001-363-793-8276,2022-12-24 18:16:50
CUST000292,Heather,Reynolds,vbradley@example.net,001-332-919-7199x758,2022-11-19 15:38:06
CUST000293,Stephanie,Jones,jenningscandace@example.com,970-513-2902x27846,2022-12-21 22:34:16
CUST000294,Natalie,Evans,samantha65@example.org,001-209-286-2405,2024-06-18 21:55:43
CUST000295,Lori,Howard,michelle36@example.net,001-465-966-6683,2022-10-10 00:30:43
CUST000296,Angela,Bridges,mary24@example.net,(320)410-2762,2024-04-12 23:55:32
CUST000297,Robert,Bryant,dhanson@example.net,(687)865-3269x09738,2025-02-18 07:53:45
CUST000298,Barbara,Johnson,carrolljanet@example.org,001-371-528-4781,2023-10-10 01:48:34
CUST000299,Judith,Horne,suttonamber@example.net,790-658-0778x7956,2023-03-23 10:10:48
CUST000300,Austin,Livingston,jessica94@example.org,+1-379-629-0490x4712,2023-02-10 17:40:54
CUST000301,Christina,Hill,alexis19@example.org,001-227-752-4372,2025-04-22 07:11:07
CUST000302,Tammy,Larson,marymullins@example.com,001-863-972-3950x41027,2023-04-05 17:42:37
CUST000303,Julie,Goodwin,noahthornton@example.com,728-860-4765x801,2024-03-09 05:20:34
CUST000304,Denise,Nelson,joseph14@example.net,001-767-239-3852,2024-05-16 11:00:54
CUST000305,Marie,Smith,foxgina@example.com,544.330.0910,2024-06-24 01:59:45
CUST000306,David,Gates,nicholasgallagher@example.net,001-621-824-4717,2024-06-06 17:21:46
CUST000307,Elizabeth,Carrillo,fernando14@example.org,(465)904-4271x7396,2022-09-06 11:20:05
CUST000308,Amber,Reynolds,gainesjennifer@example.org,2112947072,2024-05-07 11:37:24
CUST000309,Joseph,Graves,gandrews@example.net,001-777-766-1830x67198,2024-05-26 08:25:31
CUST000310,Richard,Chen,diazmelissa@example.com,674-832-8063,2025-01-16 08:46:09
CUST000311,Crystal,Howard,mccluresamuel@example.org,(603)909-3761,2023-12-16 09:43:35
CUST000312,Mary,Cole,johnsonbrian@example.net,5613387829,2022-06-20 02:55:38
CUST000313,Donald,Valdez,nmeadows@example.org,420.320.4179,2024-10-22 05:34:15
CUST000314,Daniel,Crawford,bryanharris@example.com,001-365-319-8253x0925,2023-03-06 15:41:58
CUST000315,Katherine,Jackson,angela73@example.net,2212962071,2022-11-23 04:45:07
CUST000316,Christopher,Pearson,robert72@example.org,(448)976-3290,2024-03-10 22:27:05
CUST000317,Christopher,Serrano,michael08@example.org,918.519.5883,2023-03-09 10:16:22
CUST000318,James,Hogan,kjimenez@example.net,9052436459,2022-09-02 01:58:07
CUST000319,Brian,Medina,kristenwashington@example.org,537-399-5635,2023-05-02 20:32:13
CUST000320,Corey,Rojas,nicholaswalker@example.com,001-870-762-3972,2022-10-07 02:29:43
CUST000321,Jennifer,Chen,james20@example.net,001-704-521-7762,2025-01-05 08:36:36
CUST000322,Cassandra,Clarke,belindatran@example.org,268-873-9774,2024-07-24 20:33:45
CUST000323,John,Murphy,patriciavargas@example.org,001-806-900-7806,2024-10-13 09:07:56
CUST000324,Heather,Garcia,jallen@example.org,001-963-225-4310x742,2025-04-13 22:07:13
CUST000325,Steven,Taylor,xlopez@example.net,501.365.8046x498,2024-03-20 03:20:42
CUST000326,Matthew,Randolph,pamela16@example.com,590.355.2818x325,2024-04-20 10:30:40
CUST000327,Jo,Goodwin,karenhodges@example.com,(348)964-0155x778,2024-06-25 23:59:26
CUST000328,Erika,Patel,shannon51@example.org,911.462.4112x412,2024-12-23 20:36:06
CUST000329,Abigail,Burton,robert82@example.com,(767)704-3103x856,2023-10-25 01:45:43
CUST000330,Elizabeth,Moreno,kellis@example.org,424-637-5402x5472,2022-11-26 08:06:50
CUST000331,Gregory,Erickson,evanwilson@example.com,001-727-745-2380,2022-10-19 17:45:22
CUST000332,Shane,Cantrell,david06@example.com,001-927-752-0885x47492,2024-06-03 08:33:53
CUST000333,Jessica,Mccullough,ericawilson@example.org,(693)575-1509x3983,2022-06-04 10:21:38
CUST000334,Amanda,Griffin,daughertypreston@example.com,799-780-5626x56504,2023-04-13 02:15:54
CUST000335,Sean,Hoffman,jessicawallace@example.com,942.766.2991x234,2022-07-22 03:18:17
CUST000336,Susan,Avila,smithdanielle@example.com,(628)979-2326x48704,2024-01-13 03:41:18
CUST000337,Steven,Johnson,moorekevin@example.net,+1-771-946-2730x1471,2024-01-20 01:04:56
CUST000338,Miranda,Burton,hmccann@example.com,690.742.9025x72520,2023-08-13 02:36:36
CUST000339,Rhonda,Kelly,kelly18@example.org,001-721-492-8554x45189,2022-05-24 20:43:58
CUST000340,April,Watson,kjenkins@example.org,328.833.8988,2023-09-26 23:29:42
CUST000341,Charles,Fuentes,mendozalarry@example.com,(579)485-2401,2024-12-03 22:53:09
CUST000342,Douglas,Perez,jasonzavala@example.com,001-211-907-6031x089,2022-09-17 23:03:29
CUST000343,Johnny,Jones,websterkimberly@example.net,793.725.0124,2022-11-02 13:13:44
CUST000344,Vincent,Chandler,williamjones@example.net,001-408-933-4280x13875,2024-05-17 06:02:15
CUST000345,Daniel,Davenport,gcoleman@example.org,(715)917-1827x54801,2022-09-14 10:58:20
CUST000346,Justin,Burke,gloria73@example.net,(346)331-7520x71678,2022-10-14 17:28:54
CUST000347,Richard,Garza,figueroapatricia@example.org,853-953-9613,2023-03-11 17:14:38
CUST000348,Jennifer,Perkins,katelyn65@example.com,+1-496-278-4271x14773,2022-08-27 19:21:33
CUST000349,Brian,Jones,stantonpatrick@example.net,624-799-1187x73477,2024-10-13 02:57:30
CUST000350,Amber,Smith,ewingnicole@example.org,(875)467-7002x8427,2023-04-17 21:13:20
CUST000351,Paul,Gallagher,rkeller@example.net,001-977-882-8064,2024-03-16 06:57:24
CUST000352,Michael,Levine,bryan90@example.org,(259)505-6165x565,2023-02-05 21:04:34
CUST000353,Deborah,Watkins,meltondanny@example.org,6852076986,2024-06-10 19:34:15
CUST000354,Brianna,Odom,uhudson@example.net,671-735-7852,2025-04-06 06:20:36
CUST000355,James,Reid,pittmanamanda@example.com,604-396-3919x195,2024-01-20 23:31:04
CUST000356,Amanda,Simmons,laura48@example.com,(485)936-6498x78208,2022-12-29 22:10:54
CUST000357,Suzanne,Harmon,oadams@example.net,+1-869-808-3572x324,2023-04-24 15:59:16
CUST000358,Maria,Brown,meghanadams@example.com,+1-924-993-6312x3034,2024-01-13 17:59:00
CUST000359,Ryan,Lucas,harrisjoseph@example.org,348-820-7001x594,2025-01-16 16:58:59
CUST000360,Emily,Blackwell,uhahn@example.org,919.381.8984,2023-01-26 10:26:31
CUST000361,David,Roman,marisa63@example.com,221.923.4764,2023-12-15 21:22:22
CUST000362,Holly,Rodriguez,pwells@example.com,(557)654-0900,2024-01-05 23:28:17
CUST000363,Kyle,Mullen,rebecca18@example.org,760.864.4134x327,2024-09-21 01:02:36
CUST000364,Joshua,Miller,aruiz@example.com,001-961-224-8156x985,2024-08-22 02:29:48
CUST000365,Danielle,White,igibbs@example.org,(734)959-1123x8296,2023-10-16 13:13:37
CUST000366,Jill,Green,lauren31@example.com,(926)569-3008x931,2023-02-21 09:26:37
CUST000367,Melissa,Williams,jburke@example.org,(529)610-8677x133,2023-03-22 01:25:22
CUST000368,Troy,Anderson,carolcarney@example.com,001-736-926-2044x3973,2022-08-12 14:59:40
CUST000369,Taylor,Savage,tmcdaniel@example.com,001-769-241-1800x537,2022-05-16 14:40:08
CUST000370,William,James,ilambert@example.net,4923428757,2023-04-23 04:52:59
CUST000371,Alyssa,Thomas,edwardstiffany@example.com,956-444-9485x625,2024-01-09 04:54:48
CUST000372,Sandra,Fields,jbrown@example.org,920.274.2761,2023-09-06 04:55:10
CUST000373,Vanessa,Hoffman,uvasquez@example.org,551-234-2284,2023-12-07 17:28:01
CUST000374,Ashley,Butler,sancheztyler@example.org,904-616-5915x20177,2024-02-20 09:28:12
CUST000375,Adam,Booker,unguyen@example.net,001-823-304-5018,2023-07-21 11:47:00
CUST000376,Gregory,Hanna,ndavis@example.org,(764)521-4764x9251,2023-10-28 21:04:32
CUST000377,Nicole,Alvarez,bdavis@example.com,+1-326-661-0857x327,2023-10-05 10:34:55
CUST000378,Christian,Solis,edgar24@example.org,964.690.8108x18661,2023-06-03 23:12:31
CUST000379,Brenda,Mack,wilsondorothy@example.org,(960)616-4597,2023-05-19 12:02:59
CUST000380,Samantha,Patrick,jacobburgess@example.net,816-980-0610x277,2023-04-07 07:21:56
CUST000381,Lisa,Jensen,fballard@example.org,(403)510-3037,2023-08-30 22:18:11
CUST000382,Connie,Tyler,christophercarrillo@example.org,560.612.2777x0793,2024-01-24 06:24:53
CUST000383,Martha,Williams,garciamelanie@example.com,(579)298-4076x78997,2023-12-10 05:44:15
CUST000384,Robert,Stewart,adamsdeborah@example.com,579-957-6024,2023-05-22 06:05:29
CUST000385,Jesse,Robinson,sandra72@example.com,001-566-457-2934x1722,2024-03-04 00:51:58
CUST000386,Craig,Perry,ntorres@example.net,3057452280,2023-08-25 06:29:16
CUST000387,Christina,Martinez,tomchaney@example.com,001-308-242-8910x77119,2023-11-17 05:46:36
CUST000388,Gary,Wilson,rhondamoore@example.com,001-878-271-2552x137,2023-02-03 08:41:18
CUST000389,Lisa,Peterson,christopherwatson@example.com,(732)286-3266x678,2023-09-07 08:45:00
CUST000390,Kayla,Robbins,millerleroy@example.org,(706)202-9084x66845,2024-11-01 07:26:08
CUST000391,Rachel,Bishop,isabellagriffin@example.org,+1-299-775-6341,2023-07-11 18:48:44
CUST000392,Jennifer,Hobbs,jason88@example.com,752.600.8943x46810,2024-03-27 07:04:01
CUST000393,Michael,Williams,westashley@example.org,453.899.8935x449,2023-11-30 18:37:18
CUST000394,John,Murphy,mackenzieward@example.org,(566)911-0627,2022-08-04 05:31:57
CUST000395,Erica,Powell,lwiggins@example.com,+1-367-576-2282x7728,2023-09-21 10:32:42
CUST000396,Antonio,Moore,sandra19@example.com,715-694-0821,2025-04-29 21:47:25
CUST000397,Kevin,Tucker,douglaslawrence@example.org,643-927-0185x1067,2025-01-20 13:19:55
CUST000398,Kimberly,Alvarez,kathleenwagner@example.com,001-277-925-1996x63658,2024-07-24 13:34:13
CUST000399,Debbie,Cline,armstronglaura@example.net,981-281-3989x0983,2022-09-19 10:49:26
CUST000400,Sharon,White,hilljamie@example.net,001-971-289-5690,2023-05-17 23:50:25
CUST000401,Henry,Johnson,patrick11@example.org,+1-824-422-4124,2022-07-14 06:02:06
CUST000402,Susan,White,evanscorey@example.org,(854)361-0339x93788,2023-03-01 14:39:30
CUST000403,Lucas,Tran,washingtonrick@example.org,8489913824,2022-08-10 14:53:37
CUST000404,Cynthia,Harris,nathanielgalloway@example.org,+1-468-270-0794,2022-07-15 15:10:55
CUST000405,Sandra,Nelson,mary65@example.net,698.340.2891,2023-07-17 14:23:42
CUST000406,David,Taylor,natalie39@example.net,254-974-3553x79502,2022-05-15 10:14:27
CUST000407,Albert,Thompson,ifarmer@example.org,+1-318-907-1569x5620,2023-06-20 10:00:48
CUST000408,James,Smith,changerin@example.net,(531)294-3375x047,2022-12-11 10:56:35
CUST000409,Lori,Foster,ashley72@example.net,499.692.1921,2025-02-25 23:49:42
CUST000410,Melissa,Ibarra,james08@example.net,987-906-0566x418,2023-06-10 13:15:44
CUST000411,Katherine,Stephenson,brandonhull@example.net,550.563.5190x361,2022-11-06 20:21:28
CUST000412,Lance,Garrett,johnsonryan@example.org,001-754-531-7350,2025-03-08 22:12:45
CUST000413,Kimberly,Harvey,garrettbeth@example.org,6068512070,2022-07-21 18:45:00
CUST000414,Erica,Hansen,melissa61@example.net,001-263-999-0767x69915,2023-11-28 02:08:13
CUST000415,Briana,Rodriguez,larsoncarlos@example.org,001-428-545-6797,2022-10-08 11:49:15
CUST000416,Bradley,Anderson,ppalmer@example.com,498-222-7495x4508,2023-01-25 16:19:18
CUST000417,Lori,Hansen,hendersonjames@example.org,+1-631-853-7795x9959,2023-05-05 13:53:27
CUST000418,Daniel,Walter,crawfordsamantha@example.net,537.893.3756,2022-11-28 11:43:40
CUST000419,Veronica,Cox,howardangela@example.org,473-795-0033x4234,2024-11-23 18:58:50
CUST000420,John,Gonzalez,meganlozano@example.org,+1-826-315-3473x55289,2022-09-17 11:47:11
CUST000421,Nicole,Anderson,jamesgray@example.com,696-430-9938x42530,2024-11-28 03:16:17
CUST000422,Tanya,Blackwell,jessicamueller@example.net,+1-712-986-8578x725,2024-07-02 09:03:39
CUST000423,Troy,Adams,ylittle@example.net,+1-403-733-7363x4669,2023-02-13 10:48:38
CUST000424,Christopher,Walton,sean53@example.net,8787956776,2024-10-07 16:09:34
CUST000425,Logan,Reyes,scottbaker@example.org,(714)288-8143x111,2023-12-29 15:20:49
CUST000426,Matthew,Leonard,kevin43@example.net,+1-928-440-4456x690,2024-12-13 10:13:54
CUST000427,Jeremy,Cummings,thomasblack@example.net,001-777-451-5366x37780,2024-02-02 02:42:15
CUST000428,David,Harding,porterdonna@example.com,736-866-8459x09022,2025-04-18 00:42:19
CUST000429,James,Myers,glopez@example.com,001-974-212-1820,2022-12-01 04:03:02
CUST000430,Chad,Mccarty,jamie48@example.org,805.980.2566x212,2024-08-01 11:34:25
CUST000431,Paul,Berger,davidharris@example.com,001-272-499-4938x743,2023-09-10 19:36:29
CUST000432,Makayla,Jacobs,aliciakent@example.com,879.501.4754x692,2022-11-23 09:05:41
CUST000433,Christine,Reynolds,lbartlett@example.net,001-316-503-2484,2025-01-29 19:22:36
CUST000434,Robert,Gill,carneycharles@example.org,756.872.4380x70176,2024-12-02 19:30:01
CUST000435,Randy,Smith,fletcherderek@example.net,001-477-271-1837x2742,2024-03-05 09:26:29
CUST000436,Gregory,Martinez,qjackson@example.org,+1-842-675-2308x37081,2023-09-08 21:45:08
CUST000437,Carly,Williams,pwang@example.com,331.506.0053,2025-03-25 13:36:27
CUST000438,Colin,Conley,jenniferwilliams@example.net,855-383-9386,2023-01-20 05:28:05
CUST000439,Daniel,Morris,moralesleslie@example.com,573.814.9501,2023-04-05 22:06:08
CUST000440,Carol,Bird,marquezkylie@example.net,(741)995-6252,2022-07-23 16:02:11
CUST000441,Andres,Barr,oreyes@example.net,589.803.0914,2024-08-16 22:12:01
CUST000442,Christine,Brown,victor32@example.com,203.897.5245,2024-04-19 08:26:32
CUST000443,Keith,Johnson,matthew38@example.org,+1-233-496-8527x01713,2025-03-03 03:38:12
CUST000444,David,Thompson,joelmiller@example.net,942.533.6293x449,2023-03-04 10:17:01
CUST000445,Kimberly,Miller,raymond27@example.com,(489)662-7066x14982,2023-07-01 08:00:52
CUST000446,Kevin,Campbell,ijones@example.net,832.930.0857x6665,2023-04-12 19:03:02
CUST000447,Vanessa,Jones,riddledavid@example.net,(836)845-8750,2024-07-24 07:02:15
CUST000448,John,Johnson,crystal02@example.com,+1-872-343-9920x116,2023-11-29 12:56:08
CUST000449,Jacob,Henderson,tking@example.net,+1-469-646-1195,2024-08-07 14:24:30
CUST000450,Sarah,Sanders,adam27@example.org,716-486-4622,2024-06-19 16:08:33
CUST000451,James,White,hayeslisa@example.org,402.334.6791,2023-03-27 17:07:21
CUST000452,Nicholas,Hill,anthony37@example.com,+1-610-904-0901x38069,2023-10-10 22:18:48
CUST000453,Matthew,Jordan,evelyn55@example.org,(266)390-5510x762,2024-12-17 07:14:27
CUST000454,Joshua,Lyons,miguelmontgomery@example.net,986.830.5050x5739,2024-07-28 04:04:48
CUST000455,Laura,Bailey,shatfield@example.org,001-664-993-2898x0271,2022-11-10 18:12:40
CUST000456,Sean,Wilson,johnjackson@example.net,001-311-460-2564x347,2025-02-14 03:17:21
CUST000457,Cynthia,Vasquez,monica99@example.org,+1-356-768-6334x1411,2024-07-29 16:15:23
CUST000458,Sharon,Garner,berrydavid@example.com,(590)340-9836x6552,2023-07-17 14:35:30
CUST000459,Amanda,Murray,lisaphillips@example.org,972.594.2095x4814,2023-11-03 19:03:10
CUST000460,Janet,Bennett,eric33@example.net,001-702-876-4208x6567,2023-07-12 22:55:13
CUST000461,Allison,Campbell,jacquelinekelley@example.org,(959)904-7292,2023-03-25 11:24:21
CUST000462,Duane,Robinson,jillsmith@example.net,001-912-466-2015,2025-03-10 14:02:34
CUST000463,David,Robertson,brittney26@example.org,3139674926,2024-12-12 19:14:36
CUST000464,Debra,Hill,hrichardson@example.org,917-683-0999,2024-06-08 08:53:51
CUST000465,Cody,Watkins,pwashington@example.net,(949)321-5182x60688,2023-11-29 22:30:12
CUST000466,Brenda,Reeves,molinajared@example.net,229-420-8751,2024-01-30 10:54:42
CUST000467,Denise,Miller,melissa01@example.org,445.982.6034x08487,2024-06-09 21:02:58
CUST000468,Alexandra,Andersen,catherine83@example.net,503-703-2432,2023-03-10 11:44:30
CUST000469,Jessica,Henderson,jorge26@example.com,746-428-3143,2023-08-13 07:08:33
CUST000470,Eric,Riddle,mgray@example.org,341-781-8615,2025-01-30 08:45:03
CUST000471,Kimberly,Thomas,joshuagarcia@example.org,(611)328-4971x8594,2025-01-16 11:38:53
CUST000472,George,Potts,zwhite@example.net,+1-888-696-7924x08222,2022-07-07 15:03:52
CUST000473,Jessica,Villegas,erikabarnes@example.com,(575)678-4468,2024-04-05 18:16:35
CUST000474,Christopher,Torres,megan11@example.net,212.890.1487,2024-05-21 02:12:40
CUST000475,Sarah,Taylor,rrobertson@example.net,001-216-909-3068x538,2025-04-01 00:42:55
CUST000476,Emily,Macias,gregoryrichardson@example.org,650.967.6251x53814,2023-03-28 04:08:45
CUST000477,Jason,Rojas,trobinson@example.net,207.797.0509x75451,2025-01-09 12:08:25
CUST000478,Jacob,Gomez,jordanjames@example.net,826.417.0243x76545,2023-12-19 03:05:38
CUST000479,Joseph,Mayo,wmartin@example.net,(505)931-3402x66502,2025-03-26 14:40:05
CUST000480,Tonya,Wilson,zpierce@example.net,001-725-268-6211x022,2024-08-28 00:39:31
CUST000481,Joel,Gregory,russell90@example.com,344.671.6392x8234,2025-05-03 10:51:27
CUST000482,John,Hoover,thomaspatton@example.org,001-689-523-9231x260,2025-02-21 02:29:10
CUST000483,Ronald,Jensen,linomar@example.net,733-656-7086x0414,2025-03-08 07:47:21
CUST000484,Jennifer,Wright,whiteaaron@example.net,001-753-647-4916x2475,2022-09-09 20:45:15
CUST000485,Elizabeth,Vega,markfigueroa@example.com,001-398-295-3439x6112,2024-02-12 00:37:02
CUST000486,Rhonda,Pena,jamesgriffin@example.org,289-454-7382,2022-12-06 15:50:06
CUST000487,Andrea,King,patricia71@example.com,476-688-0294,2022-06-29 12:04:57
CUST000488,Ashlee,Bauer,joysanders@example.net,+1-881-627-8686,2022-12-23 07:45:38
CUST000489,Adam,Armstrong,suarezkrystal@example.com,684.243.4481x23083,2024-04-10 02:52:24
CUST000490,Sheri,Ramirez,josephgibbs@example.net,338.610.5955,2024-07-09 10:02:01
CUST000491,Ricky,Carr,tracie05@example.org,001-942-540-8916x4983,2023-04-30 19:24:52
CUST000492,James,Soto,omoore@example.net,001-965-427-1727x2239,2024-04-18 19:46:16
CUST000493,Andrew,Martin,lisamcdaniel@example.org,421-263-7618,2024-03-01 08:20:09
CUST000494,Nicholas,Smith,hinesdeanna@example.org,(731)342-9001,2022-12-18 06:47:41
CUST000495,Timothy,Hart,tochoa@example.com,323.808.4810x0184,2022-10-13 01:12:24
CUST000496,Rhonda,Johnson,wcruz@example.net,736-317-2131x4519,2023-06-09 11:33:06
CUST000497,Sandy,Miller,munozgregory@example.net,392-262-4945x14754,2024-12-09 07:37:31
CUST000498,Tiffany,Strickland,lukemyers@example.net,711.996.4215x2265,2023-08-17 20:05:20
CUST000499,Heather,Gutierrez,devon36@example.com,+1-378-887-8836,2023-12-08 17:55:18
CUST000500,Kimberly,Shepherd,jacquelineyoung@example.org,705.487.2105,2023-03-29 10:25:37
CUST000501,Douglas,Castaneda,osanchez@example.org,001-421-226-0650x1917,2022-10-18 13:57:50
CUST000502,Donald,Sanchez,carrolllisa@example.org,001-227-228-4765x70412,2024-03-02 07:27:51
CUST000503,Glenn,Martin,rwall@example.com,+1-349-884-3624,2025-04-15 13:41:05
CUST000504,David,Lewis,robinsonisaiah@example.net,+1-291-777-5662,2024-04-17 19:40:13
CUST000505,James,Rodriguez,coxkimberly@example.com,2346281139,2022-12-02 07:41:22
CUST000506,James,Hickman,josephdavila@example.net,7976005140,2025-03-25 13:26:37
CUST000507,Vincent,Edwards,iswanson@example.net,+1-615-468-1820x96790,2022-10-23 16:11:45
CUST000508,Steven,Mcclure,cisnerosjesse@example.org,+1-822-288-9857x25459,2025-01-10 00:51:02
CUST000509,Kim,Hughes,wendylawson@example.org,001-371-902-4817,2023-04-19 06:18:34
CUST000510,Sarah,Martin,barbara51@example.org,(974)274-7219,2023-06-12 17:49:45
CUST000511,Justin,Ortiz,scotthunt@example.net,351-668-7409x03802,2023-06-26 06:22:34
CUST000512,Ashley,Nash,paulford@example.org,(877)787-1121x663,2022-07-20 08:05:38
CUST000513,Matthew,Munoz,jacquelinealvarez@example.com,208.727.2359x096,2024-09-21 07:23:46
CUST000514,Tiffany,Lewis,mirandacisneros@example.net,(544)621-2146x14768,2022-11-28 07:21:34
CUST000515,Brian,Jacobson,wpeterson@example.com,(735)867-7826,2024-10-27 22:38:05
CUST000516,Ann,English,christiancontreras@example.net,(355)802-7275,2023-02-22 12:14:13
CUST000517,Jennifer,Mcneil,cynthiafowler@example.net,503-736-8296,2022-12-26 10:21:21
CUST000518,James,Frazier,woodmichael@example.com,381-477-6655x8685,2023-09-25 03:39:55
CUST000519,Nathan,Tran,amyjames@example.net,001-964-391-1110x961,2024-04-03 10:49:23
CUST000520,Wesley,Shaffer,melissa33@example.com,+1-861-237-1576,2025-03-04 14:54:43
CUST000521,Kimberly,Romero,nichole44@example.com,+1-830-560-0025x89552,2024-01-09 06:37:06
CUST000522,Peter,Jensen,zpoole@example.net,(826)626-5826x31281,2024-11-12 15:01:17
CUST000523,Erik,Morris,davissamuel@example.net,001-592-509-8196x02752,2023-03-31 20:54:20
CUST000524,Amanda,Sanchez,qtownsend@example.org,612-609-1179x112,2025-01-14 07:59:45
CUST000525,Christopher,Snyder,roberta36@example.org,606.217.1366x5722,2025-01-24 05:23:36
CUST000526,Donna,Welch,wilsonmatthew@example.com,299.480.2841x3908,2023-01-02 14:19:04
CUST000527,Michael,Roach,murphyjeffrey@example.net,001-824-847-3158x477,2025-02-13 17:05:24
CUST000528,John,Gonzalez,suzanne19@example.net,823-876-7694x5919,2022-12-15 10:26:39
CUST000529,Michael,Hurst,colepamela@example.net,896-449-8560x125,2023-06-06 11:18:29
CUST000530,Charles,Sandoval,dustin51@example.org,505-337-9538x16493,2024-01-14 23:46:36
CUST000531,Jennifer,Shah,berrydebbie@example.net,001-965-453-3077x04611,2024-02-28 07:22:49
CUST000532,Brittany,Young,mitchelldawn@example.net,7742260880,2022-07-25 19:02:10
CUST000533,Cody,Lang,joshua56@example.org,+1-357-790-6477,2025-03-02 12:38:12
CUST000534,Curtis,Walker,taylorvictoria@example.net,001-263-621-3580x0401,2022-07-31 21:53:26
CUST000535,Mark,Salazar,knelson@example.org,001-371-525-2967,2024-02-02 12:35:33
CUST000536,Donna,Bray,kendra73@example.org,241-558-3311x703,2023-10-05 08:46:28
CUST000537,Paul,Freeman,jason98@example.net,847-528-1235x67983,2022-07-24 21:37:23
CUST000538,Rodney,Parks,thomasnancy@example.net,930-772-4078,2023-02-25 13:11:28
CUST000539,Sara,Miller,zlewis@example.net,(885)407-4510x66343,2024-02-20 05:23:39
CUST000540,Alyssa,Snyder,drodriguez@example.net,313.310.0943,2023-03-08 08:51:26
CUST000541,Nicole,Lyons,gmyers@example.org,001-947-632-3549x4012,2024-11-29 07:09:45
CUST000542,Hailey,Jackson,jacksonmartin@example.com,(407)265-0241,2024-02-20 04:14:15
CUST000543,Tara,Aguilar,emarks@example.org,3093438822,2023-04-09 06:43:47
CUST000544,Jill,Chavez,veronica47@example.com,(270)454-5897x148,2025-04-16 08:22:26
CUST000545,Melissa,Hopkins,michaeljohnson@example.net,001-665-731-3614x8782,2025-01-07 02:17:17
CUST000546,Peter,Butler,kyle09@example.net,001-459-916-7954x107,2024-05-25 08:26:25
CUST000547,Alexandra,Roberts,kevinroberts@example.com,6702349107,2023-08-24 22:39:58
CUST000548,Donna,Smith,devin48@example.net,001-782-514-2369x14307,2024-10-15 13:29:49
CUST000549,Dana,Henderson,orozcosamantha@example.net,629-665-9234x2683,2022-08-12 11:17:44
CUST000550,Ashley,Fuller,nicholasliu@example.com,828-975-8575,2023-08-14 04:40:15
CUST000551,Robert,Johnson,bernardrobert@example.org,+1-843-498-5298x940,2023-07-25 23:06:04
CUST000552,Adam,Aguirre,fcombs@example.org,215-591-4975x019,2023-11-27 01:12:03
CUST000553,Anna,Coffey,jeffreylowe@example.org,340-579-3110x2918,2022-12-20 10:37:10
CUST000554,Thomas,Wall,hmyers@example.com,(472)438-4979x1620,2024-10-23 01:16:43
CUST000555,Diane,Jackson,thomasroberts@example.net,897-854-6617,2022-10-19 23:35:55
CUST000556,Justin,Wilson,tsmith@example.org,+1-597-705-2774x0258,2025-01-23 00:48:35
CUST000557,Alicia,Palmer,dianabell@example.net,001-857-924-4617,2024-03-04 03:18:16
CUST000558,Henry,Erickson,david59@example.net,(999)761-0023x117,2024-08-19 20:11:53
CUST000559,Tina,Stokes,danielgilmore@example.net,(461)709-4101x7590,2022-09-05 15:06:48
CUST000560,Shannon,Anderson,jameshenry@example.net,433-226-8319x0130,2023-06-08 11:02:43
CUST000561,Ricky,Payne,petersonfaith@example.net,+1-387-933-9785x5982,2023-08-21 20:47:27
CUST000562,Nicholas,Jones,martinezzachary@example.org,673-609-8503,2023-07-12 06:11:17
CUST000563,Michael,Brennan,tammyjones@example.net,389.984.6908,2025-03-01 16:13:14
CUST000564,Traci,Delgado,morganjose@example.com,001-302-838-5037x19905,2024-02-24 17:06:06
CUST000565,Cheyenne,Miller,rpotts@example.net,6105783567,2022-06-03 05:18:40
CUST000566,Brian,Ayala,amandadalton@example.net,+1-308-770-6626x68217,2023-05-30 22:47:58
CUST000567,Matthew,Hull,jessechapman@example.org,(789)700-3010x27240,2024-02-29 09:16:30
CUST000568,Pamela,Bolton,catherinemendoza@example.org,+1-511-648-3753x74584,2023-04-24 21:23:43
CUST000569,Amber,Garcia,rachel97@example.com,732-483-4831,2022-06-19 00:23:05
CUST000570,Joe,Alexander,bbenton@example.com,8449964104,2022-05-31 09:07:12
CUST000571,Patrick,Wallace,jamielopez@example.com,+1-604-508-5095,2024-08-16 22:22:13
CUST000572,Matthew,Calderon,yglenn@example.net,001-401-886-4876x9984,2023-10-04 11:16:46
CUST000573,Victoria,Allen,campbellfelicia@example.com,638-745-9609,2023-03-01 00:27:45
CUST000574,John,Delgado,martinezashley@example.com,527-870-7070x578,2022-07-13 21:23:30
CUST000575,Sheila,Hill,stephanie72@example.com,001-944-772-3229x03102,2022-06-25 16:22:30
CUST000576,Jennifer,Brown,theresa05@example.net,001-509-535-1187x181,2023-05-02 11:31:06
CUST000577,Nathan,Carson,bjones@example.com,(605)295-5657,2022-11-02 06:48:11
CUST000578,Bradley,Conrad,rodriguezjason@example.com,889.353.6902x61139,2024-11-23 20:34:51
CUST000579,Allison,Williams,hhopkins@example.com,943-894-3535x37513,2023-06-11 00:01:08
CUST000580,Michael,Wagner,denise93@example.com,(339)328-3692x94455,2023-08-01 01:14:08
CUST000581,William,Hernandez,xchen@example.org,(370)421-6487,2024-12-17 19:09:33
CUST000582,Mary,Johnson,veronicaanderson@example.net,(365)226-8341x5599,2022-07-30 11:59:56
CUST000583,Samantha,Dodson,vmccoy@example.com,872-729-8120x9957,2023-09-02 23:50:58
CUST000584,William,Chapman,halltrevor@example.org,001-788-498-6456,2025-03-19 20:07:17
CUST000585,Bobby,Landry,russellramirez@example.net,315-542-1447x73244,2024-05-09 11:39:27
CUST000586,Donald,Clark,anthonyorr@example.net,+1-830-970-5349,2023-12-02 02:52:25
CUST000587,Mariah,Phillips,moransamantha@example.org,767.441.2415x131,2023-11-16 23:19:24
CUST000588,Joshua,Mccoy,mannleroy@example.org,(618)953-8003x29633,2022-10-23 13:26:39
CUST000589,Lisa,Gross,david18@example.net,001-830-561-7893x2064,2024-04-08 00:55:21
CUST000590,Todd,Sandoval,nataliepittman@example.com,+1-977-769-5874x13146,2023-02-05 15:21:21
CUST000591,Roger,Thompson,donna56@example.net,(577)896-3044,2022-07-16 07:41:30
CUST000592,Kelsey,Green,robert76@example.com,404-573-5047x639,2024-09-10 08:24:31
CUST000593,Daniel,Donaldson,david80@example.net,5617558108,2023-12-18 02:00:13
CUST000594,Tracie,Massey,oheath@example.com,(255)363-8300,2023-11-10 21:11:03
CUST000595,Lacey,Williams,kevin33@example.org,216-462-4111x860,2022-08-23 09:00:41
CUST000596,Brianna,Myers,kristen68@example.net,8446731497,2023-08-24 01:57:02
CUST000597,Jeffrey,Russell,timothy88@example.org,(907)765-8173x9063,2023-10-14 20:15:08
CUST000598,Daniel,Collins,lisadaugherty@example.org,+1-923-579-3126,2022-07-14 06:32:25
CUST000599,Trevor,Jenkins,mary05@example.net,001-996-704-3878,2025-03-26 08:47:33
CUST000600,Joe,Murray,vrobertson@example.net,316-416-2028,2022-12-12 20:36:11
CUST000601,Molly,Wilson,osimpson@example.net,728.466.0416x4485,2022-10-12 16:51:52
CUST000602,Alexandra,Harris,april47@example.com,452.428.7056,2023-10-07 22:20:59
CUST000603,Victoria,Smith,jamesdavis@example.com,610-697-9215x83503,2024-10-25 11:12:31
CUST000604,Miranda,Silva,michael64@example.net,+1-631-392-1342,2022-09-26 11:33:56
CUST000605,Alexa,Newman,xrivera@example.net,+1-449-473-2033x192,2023-10-13 08:58:34
CUST000606,Aaron,Miller,taylorlindsay@example.com,+1-775-348-1386x66754,2025-01-01 22:31:40
CUST000607,Megan,Moses,jennifer68@example.com,541.886.5205x7563,2023-06-24 11:54:43
CUST000608,Sarah,Cowan,scottfox@example.org,001-645-215-4809,2024-04-18 10:40:27
CUST000609,Darlene,Sanders,joshua09@example.org,001-479-477-2781x050,2024-12-19 09:22:54
CUST000610,David,Barnes,browndana@example.org,818-843-9055x29580,2024-11-13 00:58:35
CUST000611,Elizabeth,Brown,jessicamiller@example.com,6497386204,2022-09-16 15:19:16
CUST000612,Steven,Huff,knightsteven@example.org,521-725-9020,2023-09-26 19:45:23
CUST000613,Natalie,Harding,mary32@example.com,5645242956,2023-03-05 10:57:03
CUST000614,James,Krause,heidi41@example.com,(595)858-7209x628,2023-05-25 14:52:48
CUST000615,Lisa,Hogan,matthewschmitt@example.net,001-941-483-4374x0182,2023-10-04 09:01:48
CUST000616,Marcus,Elliott,morrisdaniel@example.com,6264755125,2023-10-03 22:22:11
CUST000617,Jacob,Johnson,swatkins@example.com,001-367-834-5957x6403,2023-08-20 02:16:57
CUST000618,Joseph,Ray,martingarrett@example.com,+1-983-892-2501x425,2022-11-07 18:58:19
CUST000619,Aaron,Hernandez,kevinmiller@example.org,461.732.8507,2022-08-28 03:30:29
CUST000620,Andrea,Long,robertabarnett@example.com,001-831-362-5265x469,2023-05-25 13:27:06
CUST000621,Elizabeth,Cordova,walkercharlotte@example.org,(555)280-9961x327,2022-12-28 00:58:05
CUST000622,Ryan,Morgan,ronaldmitchell@example.com,+1-870-246-2268x17151,2022-11-02 21:48:28
CUST000623,David,Hunter,psmith@example.net,(760)346-4197x8575,2024-09-16 20:35:00
CUST000624,Tina,Schmidt,fberg@example.org,2599438976,2023-03-15 05:13:29
CUST000625,David,Burns,brendan95@example.com,(254)308-4245x60754,2023-06-05 22:10:01
CUST000626,Benjamin,Rodgers,gregorynichols@example.org,001-327-764-5793x8970,2023-06-22 22:50:36
CUST000627,Dwayne,Davila,reyestina@example.org,546-260-2416x13944,2023-06-24 12:42:52
CUST000628,Thomas,Hodges,shill@example.org,880-496-2440x630,2023-03-07 14:42:09
CUST000629,Steven,Tyler,colton30@example.net,231-794-9796x95867,2023-05-18 16:38:40
CUST000630,Michael,Wallace,fdickerson@example.org,+1-726-346-0917,2022-12-24 00:13:40
CUST000631,Traci,Wood,karen77@example.org,(299)629-5966,2024-01-10 01:00:43
CUST000632,Travis,Young,nicholasrush@example.org,863-831-9422,2023-05-31 04:59:21
CUST000633,Jeff,Lester,luis51@example.net,+1-858-688-6367x74722,2022-05-14 09:29:18
CUST000634,Maria,Hines,francesgarcia@example.net,+1-866-263-0932x9981,2023-05-01 15:18:57
CUST000635,John,Hudson,xcohen@example.org,001-796-488-3275x3273,2023-03-27 13:20:49
CUST000636,Patricia,Clark,rstevens@example.net,232.278.1952x371,2024-05-26 13:21:44
CUST000637,Richard,Meyer,eatkins@example.com,781-898-0770x460,2024-07-03 10:40:38
CUST000638,William,Banks,gcobb@example.org,391-725-6523x734,2024-04-12 18:28:37
CUST000639,Charles,Nolan,wgoodwin@example.com,247-557-4949x02284,2024-12-29 12:39:55
CUST000640,Anna,Reeves,shirley29@example.net,577-642-2294x6430,2022-10-20 04:46:17
CUST000641,Alexander,Diaz,kwoods@example.com,+1-929-885-8567x2872,2022-05-26 07:48:53
CUST000642,Stacey,Peterson,jamie24@example.net,001-313-757-7908x33506,2023-11-17 08:41:16
CUST000643,Joseph,Nixon,wallerbrian@example.net,333.542.3372x09484,2024-07-21 17:53:06
CUST000644,Samantha,Escobar,alexandrabrown@example.org,399.577.1805,2023-10-16 11:28:52
CUST000645,Scott,Alvarez,danielsjason@example.com,890-696-1739x9704,2023-11-01 03:26:43
CUST000646,Gregory,Hunter,stephanie44@example.net,954.288.4712,2023-04-25 06:33:23
CUST000647,Terri,Ruiz,haroldhodges@example.net,717-958-2313x3484,2022-08-31 10:26:38
CUST000648,Kevin,Lynch,mariolee@example.com,(629)525-8796,2025-02-25 04:54:38
CUST000649,Thomas,Chase,nathan45@example.net,(757)446-9660x606,2025-04-12 08:24:28
CUST000650,Katie,Smith,jasonmoran@example.com,(905)666-5883x398,2022-09-04 17:23:41
CUST000651,John,Nguyen,ldavid@example.com,3672349960,2024-04-10 03:13:24
CUST000652,Joshua,Wood,daniel21@example.com,001-662-629-4938x17359,2024-06-03 19:41:06
CUST000653,Donald,Carrillo,susan57@example.net,625.673.7553,2024-03-01 16:50:02
CUST000654,Sarah,Taylor,zsimmons@example.com,7809850960,2023-03-16 05:43:48
CUST000655,Matthew,Jones,cunninghamterri@example.org,+1-828-619-7931,2023-10-02 16:46:36
CUST000656,Pamela,Gamble,debrajones@example.net,001-257-886-0694,2022-05-31 09:43:45
CUST000657,Jeffrey,Simmons,melissa95@example.net,239.259.2323x421,2024-09-10 06:04:32
CUST000658,Amber,Blevins,monica33@example.org,926-543-3502x7160,2023-07-01 07:07:46
CUST000659,Sean,Ross,kellilawrence@example.org,928-798-1231,2024-08-08 15:26:26
CUST000660,Logan,Lee,marshmichael@example.com,617.500.6661x55416,2025-05-09 10:04:14
CUST000661,Christopher,Schneider,bliu@example.com,001-250-223-2902x8227,2024-02-22 14:02:10
CUST000662,Jason,Singh,nathan62@example.com,(928)522-5120,2023-04-10 21:09:56
CUST000663,Colleen,Stout,christy00@example.com,4704260869,2022-08-28 08:48:39
CUST000664,Michael,Walker,hmcneil@example.com,768.772.9047x742,2025-03-23 13:15:17
CUST000665,Elizabeth,Davis,kgoodman@example.org,(638)322-3116,2023-02-08 05:58:08
CUST000666,John,Blair,mark79@example.net,294.425.6529x06032,2024-04-04 15:52:32
CUST000667,Mary,Young,kmorris@example.com,653.796.7379x4871,2023-05-15 00:49:58
CUST000668,Patricia,Scott,dingram@example.net,458-341-5608,2023-01-14 10:37:43
CUST000669,Stephen,Rodriguez,david54@example.com,(481)282-6832x30358,2024-10-03 00:36:53
CUST000670,Michael,Hall,nicholasgarcia@example.org,+1-893-928-9634x0646,2023-10-05 04:55:52
CUST000671,Derek,Hurley,jonesjeanette@example.net,439-891-0622x7236,2023-07-12 21:15:12
CUST000672,James,Flowers,perezstacy@example.org,(319)923-7245x0184,2023-01-19 23:30:12
CUST000673,Samuel,Short,whernandez@example.net,340-364-1769x27438,2025-05-07 02:50:58
CUST000674,Carrie,George,john76@example.com,7143448564,2022-05-24 21:28:49
CUST000675,Jennifer,Washington,bwalker@example.net,317-389-9698x609,2024-01-31 01:13:15
CUST000676,David,Gallagher,betty96@example.com,001-405-277-9806x603,2024-03-31 03:52:52
CUST000677,Mark,Carter,upham@example.com,555-753-4705x742,2024-07-29 19:30:12
CUST000678,Karen,Norman,megangates@example.com,(498)835-4116x597,2022-12-18 02:15:39
CUST000679,Melissa,Washington,linda52@example.org,301-539-4884x88269,2022-08-20 23:22:46
CUST000680,Jennifer,Melendez,jphelps@example.net,285-562-6149x91537,2023-12-31 18:53:10
CUST000681,Elizabeth,Hill,swalker@example.org,937.932.0430,2023-08-07 15:31:16
CUST000682,Andrea,Carroll,hlopez@example.net,(396)445-4655x3585,2023-04-27 23:04:26
CUST000683,Maria,Park,colinlowery@example.net,001-278-951-9358x374,2024-03-18 08:00:08
CUST000684,Tyler,Graham,andrewwest@example.net,6572215149,2024-06-30 03:30:37
CUST000685,Travis,Padilla,valerielewis@example.com,284-753-9862x8950,2024-02-12 23:54:25
CUST000686,Kim,Jones,morenojessica@example.net,339.322.0715,2025-03-11 18:31:44
CUST000687,Audrey,Rush,yballard@example.net,625.821.4526x4712,2022-12-16 09:44:30
CUST000688,Michael,Holland,morgankaren@example.net,209-708-0512x080,2023-07-06 01:06:17
CUST000689,Anthony,Stein,michele23@example.net,+1-972-483-5129x592,2023-11-17 06:22:52
CUST000690,Lisa,Wallace,mcconnellpamela@example.org,741-952-9821x7392,2025-02-20 13:33:36
CUST000691,Amy,Price,qraymond@example.net,253-752-3736,2022-07-13 22:25:32
CUST000692,Toni,Castillo,abbottchristopher@example.net,689-898-8683x45273,2023-07-27 09:09:32
CUST000693,Nicholas,Henry,jgarcia@example.com,+1-464-774-0803x149,2024-07-28 05:27:27
CUST000694,Amanda,Williams,paul58@example.org,+1-368-582-8503x17235,2023-11-04 01:36:52
CUST000695,Ashley,Austin,weeksjamie@example.net,840-235-2635,2022-10-28 11:35:46
CUST000696,Carol,Howell,nicole69@example.net,+1-243-846-0666x4374,2022-06-25 12:16:08
CUST000697,Katie,Anderson,chadwilson@example.org,612.385.2464x8449,2024-08-21 00:34:50
CUST000698,Ralph,Blackwell,stephaniepeters@example.com,228.807.7113,2022-11-28 17:52:21
CUST000699,Kathryn,Drake,ryanwood@example.net,(279)408-3350,2023-05-19 12:23:39
CUST000700,Stephanie,Weeks,steven06@example.com,(248)913-2357,2022-07-25 17:09:51
CUST000701,John,Rice,douglasbrandt@example.org,716-288-0925,2022-10-14 20:36:24
CUST000702,Dale,Hall,dsmith@example.com,001-891-930-9810x79649,2025-01-31 10:55:04
CUST000703,John,Henry,michael77@example.org,885.632.4264x250,2022-10-15 09:40:32
CUST000704,Steve,Page,vanessamartinez@example.net,(736)866-7776x755,2022-10-03 12:02:09
CUST000705,Alyssa,Sanchez,ashleygould@example.net,+1-995-678-6543x62718,2025-01-25 08:40:09
CUST000706,Stephanie,Berg,nwilliams@example.com,+1-826-486-2703,2023-03-06 00:37:52
CUST000707,Julie,Elliott,danielleandrews@example.org,(265)373-2759,2024-09-18 11:09:01
CUST000708,Christopher,Smith,riverachristopher@example.com,923.941.5959,2023-05-16 12:44:10
CUST000709,Gregory,Turner,rachelhernandez@example.com,589-362-8874,2024-05-06 16:15:42
CUST000710,Dwayne,Wallace,taylorparker@example.com,720.795.7992x7079,2025-04-26 09:34:05
CUST000711,Olivia,Jones,clairebyrd@example.org,835-441-5970,2023-06-14 15:39:29
CUST000712,Johnny,Palmer,burnsrebecca@example.org,+1-234-447-6504x7158,2024-12-20 14:59:38
CUST000713,Sara,Smith,turnerjames@example.com,(660)546-5586x6525,2023-10-28 00:14:44
CUST000714,Joseph,Gentry,trujillorobin@example.net,402-513-1251,2024-09-09 14:39:40
CUST000715,Michelle,Smith,doylematthew@example.net,429-575-1910,2025-02-08 22:52:45
CUST000716,Sara,Lopez,smithlatasha@example.org,901.465.8373,2023-10-06 12:37:58
CUST000717,Jessica,Vargas,ramoswilliam@example.org,(534)428-9311,2024-11-24 23:25:07
CUST000718,Katelyn,Perez,lreid@example.com,+1-668-443-6453x804,2022-07-20 12:52:18
CUST000719,Bryan,Cooper,harveylisa@example.org,+1-970-715-9591x94575,2023-11-08 21:45:54
CUST000720,Kathryn,Edwards,jeremyjackson@example.net,(867)275-6777x226,2024-12-22 01:43:45
CUST000721,Kristina,James,reginaldsmith@example.net,(429)623-1067,2023-05-15 02:25:34
CUST000722,Andrew,Myers,maria84@example.org,779.376.6270,2022-07-23 00:04:26
CUST000723,Marcus,Woods,donald87@example.org,(670)742-5496x91928,2024-07-12 08:23:22
CUST000724,Lindsay,Shields,annette71@example.org,756.533.5357x485,2025-01-22 06:33:10
CUST000725,Tammy,Harrington,jeanlynch@example.org,997.905.8162x9518,2024-02-29 14:06:15
CUST000726,Patricia,Mullen,carl63@example.com,001-425-607-3305x597,2025-03-23 07:00:26
CUST000727,Todd,Edwards,madisonbrewer@example.net,+1-614-603-8843x660,2022-12-20 09:12:36
CUST000728,Kenneth,Johnson,dmiller@example.org,968.629.7514x743,2022-11-05 02:49:22
CUST000729,David,Blanchard,williamsmark@example.com,(225)668-0656x259,2023-04-30 12:52:27
CUST000730,Katherine,Williams,sharpjennifer@example.com,712-721-8231,2023-05-16 00:34:32
CUST000731,Robert,Potter,dmorales@example.net,(262)281-3721x43308,2024-04-13 17:15:41
CUST000732,Heidi,Mendoza,robinsonjesse@example.org,(985)256-6084,2024-05-12 23:58:33
CUST000733,Heidi,Pierce,gonzalezbarry@example.org,001-870-551-9582,2022-10-24 11:03:57
CUST000734,Adrian,Burton,joseph58@example.com,(339)645-3546,2023-09-17 07:08:17
CUST000735,Sean,Faulkner,hharris@example.org,(613)539-4394x5703,2023-11-21 09:28:26
CUST000736,Kyle,Robinson,michelleclark@example.net,(357)269-2778x9431,2024-11-29 10:14:57
CUST000737,Christine,Vincent,sarah47@example.com,001-292-610-5336x5146,2024-08-31 09:02:32
CUST000738,Rachel,Turner,stephen31@example.net,001-207-920-1137x9844,2022-07-19 00:52:53
CUST000739,Heather,Lewis,bgregory@example.org,667.262.0901x4473,2024-05-14 18:02:12
CUST000740,Sylvia,Lopez,ppatrick@example.org,001-768-973-0451,2024-10-25 10:09:05
CUST000741,Amy,Brooks,jessica82@example.com,001-856-729-6575x4278,2025-03-28 11:01:02
CUST000742,Christopher,King,marvinhoward@example.com,482.505.8295x829,2024-10-29 18:31:02
CUST000743,Randy,Colon,mooneyamy@example.net,390-748-2357,2024-07-20 02:55:25
CUST000744,Laura,Kelley,zmills@example.org,001-356-913-7230,2022-10-15 19:26:45
CUST000745,Charles,Clements,katelynturner@example.org,+1-413-300-0413,2022-07-23 03:06:59
CUST000746,Shaun,Wilson,dorothy09@example.com,965-734-6997x99070,2023-05-30 15:07:20
CUST000747,Jonathan,Wells,xmullins@example.org,(399)557-0607x17481,2024-07-11 19:49:29
CUST000748,Jennifer,Nielsen,vjames@example.org,+1-470-254-8739x610,2025-02-28 03:43:32
CUST000749,Sean,Shaw,khill@example.com,+1-604-491-8727,2022-06-23 08:09:34
CUST000750,Carolyn,Simmons,tanyajones@example.com,530.962.6042x3597,2024-10-11 23:01:14
CUST000751,Stacy,Wilson,donaldyang@example.net,001-307-875-6085,2023-10-11 09:30:52
CUST000752,Joshua,Grant,fjones@example.com,+1-957-768-3210x21923,2024-01-11 01:25:32
CUST000753,Timothy,Arellano,brandiwilson@example.org,232.342.6050,2023-12-06 03:18:04
CUST000754,Joseph,Moreno,nicole25@example.org,433.477.7312x6881,2024-12-05 01:57:55
CUST000755,Dustin,Hodges,epalmer@example.net,(236)753-4606,2024-09-11 12:47:28
CUST000756,Anthony,Powers,peter93@example.net,(679)986-2398,2024-09-03 06:49:42
CUST000757,Ryan,Johnson,hoffmanjanet@example.org,001-905-846-4754x89547,2024-08-17 02:43:10
CUST000758,Mary,Lawrence,taylordavis@example.com,588-591-4444x98355,2023-05-27 08:42:34
CUST000759,Kirk,Petersen,mramirez@example.com,+1-439-324-3588x53798,2024-07-12 04:04:42
CUST000760,Nancy,Little,carlyschultz@example.com,(775)436-7497,2023-02-13 15:58:26
CUST000761,Charles,Martinez,zli@example.org,834-577-8948,2023-02-25 16:24:35
CUST000762,Tina,Fuller,elarson@example.com,(651)422-1500x1418,2024-09-15 01:54:09
CUST000763,Sara,Mcdaniel,billkeller@example.org,5156944633,2025-02-19 17:43:14
CUST000764,Michael,Young,spencerlevi@example.org,(663)989-0219,2022-09-24 03:18:18
CUST000765,John,Russell,stephenmartin@example.org,841.903.4699,2022-12-30 09:36:50
CUST000766,Craig,Miller,vramos@example.com,+1-960-884-3768x550,2024-11-13 14:10:34
CUST000767,Catherine,Watson,burkeholly@example.com,(663)535-5643,2023-06-30 05:34:19
CUST000768,Natalie,Yu,debbiebrown@example.net,9698556076,2022-08-16 16:48:53
CUST000769,Jonathan,Perez,rhonda47@example.org,(739)289-8306,2024-08-20 17:14:50
CUST000770,Christopher,Moon,gilbertangela@example.com,484-572-4264,2023-08-02 02:30:21
CUST000771,Garrett,Jones,oliverashley@example.net,(348)376-2303,2024-09-02 23:55:13
CUST000772,Joseph,Logan,maxwellangela@example.com,001-222-882-3052x4808,2022-10-05 12:14:40
CUST000773,Brandon,Moore,johnlynch@example.com,001-247-337-2132,2025-04-20 23:14:44
CUST000774,Derek,Mitchell,zbyrd@example.net,+1-668-878-5996,2022-11-09 11:47:48
CUST000775,Michaela,Martinez,clarkcarol@example.com,519-866-6450x5730,2024-09-05 10:40:33
CUST000776,Karen,Cole,deborahturner@example.org,(703)574-7677,2023-09-30 01:17:16
CUST000777,Robert,Williams,pennylivingston@example.com,(905)276-6194x588,2025-02-26 10:42:08
CUST000778,Misty,Mendoza,mark48@example.org,7122840083,2023-09-13 16:38:51
CUST000779,Matthew,Austin,christy45@example.org,791.977.6808x98126,2024-07-19 16:17:01
CUST000780,Cynthia,Thomas,christopherreyes@example.com,500.840.2369,2024-10-02 03:53:51
CUST000781,Nicole,Simmons,veronica30@example.org,(304)371-3727,2024-05-12 18:03:52
CUST000782,Lisa,Cooper,melissa49@example.net,+1-555-582-9849,2024-10-19 02:11:28
CUST000783,Ryan,Nelson,victor60@example.net,741-828-3337x2188,2024-07-31 19:18:05
CUST000784,Robert,Rivera,sanchezcindy@example.net,250-766-6267,2025-03-02 09:45:11
CUST000785,David,Young,zreilly@example.net,466.734.3925,2024-02-19 13:32:39
CUST000786,Melissa,Garcia,hoganalan@example.net,(371)220-0720x24559,2022-11-07 15:48:17
CUST000787,Kyle,Garcia,mcneilchristina@example.org,(367)614-9498,2022-10-09 12:36:38
CUST000788,Steven,Phelps,dawngraves@example.org,693.840.6527x7584,2023-08-11 10:01:23
CUST000789,Sarah,Bauer,elizabeth33@example.com,(920)410-9121,2022-10-21 06:05:27
CUST000790,Charles,Townsend,beth76@example.com,889-543-7052,2023-05-23 14:37:58
CUST000791,Brandon,Randall,perry77@example.net,(357)925-6592x0246,2024-12-24 10:28:22
CUST000792,Matthew,Williams,johnmunoz@example.com,726.200.5595,2022-09-02 06:35:52
CUST000793,Kelsey,Costa,jasoncook@example.net,001-684-986-8999x3607,2022-06-28 11:36:04
CUST000794,Marvin,Russell,wellsnatalie@example.com,+1-693-859-3744x039,2023-02-25 07:35:54
CUST000795,Alyssa,Williams,aallen@example.com,2149886084,2025-04-27 13:14:36
CUST000796,Jason,Stanley,kimberly36@example.net,001-452-683-0615x3701,2022-11-11 19:41:49
CUST000797,Kelly,Scott,rebeccaharris@example.org,(314)648-8112x103,2025-04-01 13:45:28
CUST000798,Daniel,Hayes,masonmary@example.net,581.679.4151x526,2024-07-12 23:04:00
CUST000799,Rhonda,Oliver,gayfrancis@example.com,(888)337-5056,2024-10-10 16:58:12
CUST000800,Kimberly,Powell,jameswalsh@example.net,001-513-278-7655x3007,2024-01-25 22:04:01
CUST000801,Andre,Beck,deborah60@example.com,712.319.8819x277,2024-03-25 01:22:39
CUST000802,Antonio,Conley,john86@example.com,7108424624,2025-04-19 06:36:57
CUST000803,Theresa,Cox,tparker@example.com,3047521289,2022-09-11 21:15:20
CUST000804,Theresa,Tate,pamela29@example.org,001-613-604-4881,2022-08-28 17:13:58
CUST000805,Richard,Galvan,samantha61@example.net,340-621-1901x70756,2022-10-31 15:13:43
CUST000806,Sheila,Jacobson,christopherjackson@example.net,001-810-273-2283,2024-05-25 21:16:07
CUST000807,Nancy,Ray,travisyoung@example.com,896.638.4526,2023-03-01 16:34:09
CUST000808,Christina,Preston,mscott@example.com,3165934292,2022-10-02 18:31:50
CUST000809,Billy,Bolton,simongabriella@example.org,341.790.3106,2022-12-22 16:13:30
CUST000810,Drew,Ramsey,meltonmark@example.com,(684)873-2365x3377,2022-07-03 07:45:09
CUST000811,Aaron,Ford,harringtonmartha@example.net,284.936.1424x426,2024-09-17 01:51:09
CUST000812,Alyssa,Willis,kevin37@example.org,001-947-864-2737x203,2023-01-05 09:45:42
CUST000813,Stacy,Hicks,danielgriffith@example.net,614-584-6019x134,2024-08-17 11:06:30
CUST000814,Elizabeth,Hawkins,courtneymadden@example.org,(505)486-9507,2022-09-06 12:16:29
CUST000815,Kirk,Duran,heather49@example.org,+1-269-799-5167x9335,2023-06-05 12:36:20
CUST000816,Katherine,Patel,jperez@example.org,001-311-392-3603x768,2024-05-25 09:25:50
CUST000817,Theresa,Alexander,jeffreylewis@example.com,904-509-6149,2022-08-21 02:30:51
CUST000818,Sandra,Carr,trujillokylie@example.net,001-330-574-8207x3651,2025-02-16 09:49:00
CUST000819,Joshua,Simmons,sarah78@example.net,(501)290-4322,2024-07-20 18:18:41
CUST000820,James,Clark,kennethbrown@example.com,492.301.3546,2024-11-08 13:18:25
CUST000821,Erik,Gray,nicholaspatel@example.net,(711)923-1261x63248,2022-10-30 02:10:46
CUST000822,Wendy,Patel,stephaniecoleman@example.net,945.349.3036x468,2024-12-23 13:32:54
CUST000823,Darrell,Neal,hallisabella@example.org,+1-576-492-0828,2023-01-29 01:40:23
CUST000824,Brent,Garrison,allenandrea@example.com,581.344.5822x06732,2023-11-28 21:38:28
CUST000825,Colleen,Jones,rojasmarc@example.org,+1-345-500-0000x15291,2023-10-19 04:40:38
CUST000826,Linda,Gonzales,brian90@example.net,(455)361-8444,2023-12-29 08:45:19
CUST000827,Dylan,Barnett,hmitchell@example.org,(224)889-0567,2023-10-04 10:45:43
CUST000828,Bradley,Williams,nina65@example.net,615-584-8266x91362,2025-04-29 12:31:30
CUST000829,Mike,Williams,lorraine96@example.net,9807706336,2024-09-17 23:36:45
CUST000830,Andre,Weber,davidbrown@example.org,664-481-8804,2023-12-31 05:29:43
CUST000831,Thomas,Gilmore,zacharygray@example.org,616.843.2126x94289,2023-04-01 14:21:40
CUST000832,Andrew,Suarez,michealhardy@example.net,(631)244-1706x46255,2022-12-01 01:20:36
CUST000833,Kristina,Griffith,matthew24@example.org,001-201-576-4644x8988,2024-07-18 22:40:57
CUST000834,Micheal,Hawkins,mariahill@example.net,(579)505-0404,2025-02-07 07:01:54
CUST000835,Jason,Hubbard,james84@example.net,216-532-1119x78718,2023-01-29 17:47:36
CUST000836,Christopher,Shelton,zrobinson@example.net,830-260-1198x75617,2022-05-22 10:14:27
CUST000837,Jack,Hoover,willismatthew@example.com,982-998-0365,2023-02-23 16:44:11
CUST000838,Justin,Werner,hornerebecca@example.org,+1-336-659-5201x491,2022-09-06 22:31:17
CUST000839,Kelly,Hall,bcooper@example.net,(463)322-3998,2023-01-28 16:43:26
CUST000840,Joshua,Morgan,davissarah@example.net,001-842-888-6050x5376,2025-04-02 19:49:40
CUST000841,Julia,Stone,wilsondavid@example.org,3302835669,2023-07-07 17:19:44
CUST000842,Gail,Jones,corythompson@example.org,955-806-8826x917,2024-08-23 06:47:18
CUST000843,Dawn,Thomas,traceyguerra@example.com,001-901-434-8087x3543,2023-07-30 21:45:31
CUST000844,Jason,Brewer,brownelizabeth@example.com,001-409-208-5991x449,2024-07-01 06:51:25
CUST000845,Shawn,Scott,richardharper@example.net,+1-669-496-4899x718,2023-12-17 20:32:09
CUST000846,Michael,Cruz,dylancunningham@example.com,4845993231,2023-03-29 03:26:46
CUST000847,Donald,Costa,delliott@example.com,+1-508-672-6176x072,2024-01-15 18:11:52
CUST000848,Virginia,Perez,markbates@example.com,+1-838-728-0405x6129,2022-06-12 12:36:09
CUST000849,Linda,Bowers,wgarza@example.net,+1-926-841-8696x56130,2022-08-26 07:51:54
CUST000850,Maria,Khan,lindsayedwards@example.com,001-214-434-6823x94840,2023-10-16 14:35:22
CUST000851,Jeffrey,Smith,yburke@example.org,7162831139,2022-07-02 05:01:07
CUST000852,Carl,Rose,christopher91@example.net,607-662-8397x62053,2022-05-29 03:45:24
CUST000853,Tyler,Ramos,peter07@example.org,001-266-429-2508x1776,2024-01-19 21:03:21
CUST000854,Sarah,Jones,andrew88@example.com,733-437-3125,2022-12-18 14:35:53
CUST000855,Ruth,Morales,fstephens@example.com,3325119206,2024-08-09 08:39:23
CUST000856,John,Palmer,david78@example.net,(261)433-7184x449,2024-12-12 10:21:57
CUST000857,Marcus,Thomas,ccarter@example.org,(944)903-7341x67812,2024-05-10 09:48:17
CUST000858,George,Lopez,flowersdanielle@example.com,001-782-913-4862,2024-09-15 15:40:15
CUST000859,Gloria,Kim,odelacruz@example.net,518.928.5605,2025-03-26 16:28:08
CUST000860,Andrew,Floyd,hpowell@example.com,406.373.6820x5068,2024-05-01 05:57:04
CUST000861,George,Walker,mark21@example.com,+1-350-458-7146x92182,2023-05-04 05:39:29
CUST000862,Raymond,Bryant,grantamanda@example.net,736-299-8480x220,2025-03-17 12:34:25
CUST000863,Heather,Hall,mproctor@example.net,001-348-642-4959x881,2023-05-25 11:08:38
CUST000864,Connie,Romero,dominguezscott@example.com,(438)267-6738,2025-02-26 08:47:19
CUST000865,Shannon,James,stuartbryan@example.net,+1-477-498-7682x99687,2023-04-26 06:26:16
CUST000866,Barbara,Snyder,gibbsamanda@example.net,906.223.5040x56695,2022-06-13 06:50:50
CUST000867,David,Ramirez,kimberlycooper@example.com,642-486-7963x259,2024-04-08 16:20:17
CUST000868,Cynthia,Anderson,kristine33@example.net,001-715-962-4152,2022-11-21 12:57:24
CUST000869,Sierra,Price,richardlawrence@example.net,858.795.1381,2023-06-15 07:07:01
CUST000870,Stephanie,Burns,stephanie85@example.org,+1-357-344-3034x918,2025-02-04 10:33:32
CUST000871,Carol,Martin,adriennebush@example.net,740.615.3641,2023-09-19 12:24:24
CUST000872,Mark,Murphy,robinsonglenn@example.net,267.281.3675,2025-03-26 17:19:54
CUST000873,Joseph,Bradford,campbellkayla@example.org,9522769819,2024-03-03 07:04:05
CUST000874,Mary,Todd,nelsondavid@example.net,885.962.2586x60598,2023-12-21 20:27:56
CUST000875,Joshua,Huffman,trevormorgan@example.com,001-648-359-6559x4282,2025-04-04 07:12:50
CUST000876,Lisa,Patterson,anthony00@example.org,(345)739-3132,2024-12-16 17:34:13
CUST000877,Chad,Smith,timothy83@example.net,+1-968-421-4448x8966,2023-11-08 18:51:43
CUST000878,Melissa,Mooney,rodneynolan@example.com,001-546-420-2582x5431,2024-06-23 12:36:40
CUST000879,Lindsey,Rodriguez,jamesbrown@example.org,+1-820-649-1060x183,2023-10-28 18:50:13
CUST000880,James,Tran,andrew27@example.com,417.822.5775x45847,2022-10-27 04:44:30
CUST000881,Ashley,Johnson,christinedixon@example.net,001-476-383-1608x2717,2023-09-23 08:07:26
CUST000882,Jason,Ramos,sararios@example.org,8524229993,2025-03-21 20:10:09
CUST000883,Jessica,Lloyd,bowmanjoel@example.net,(732)655-3983,2023-02-26 20:42:53
CUST000884,David,Hardy,fmclaughlin@example.org,(964)330-9544,2022-11-24 08:16:59
CUST000885,Sean,Summers,ksmith@example.org,912.705.3978x713,2022-10-09 03:39:31
CUST000886,Stephanie,Bautista,davidjohnson@example.net,001-912-956-0832x00487,2023-05-28 05:43:32
CUST000887,Jason,Singh,elizabeth52@example.org,+1-786-300-3044x3619,2023-09-26 16:13:35
CUST000888,Michael,Wiggins,monicaduncan@example.org,5299295014,2023-03-10 06:10:57
CUST000889,Miranda,Dixon,salazarjames@example.org,001-367-413-9719,2023-07-20 08:28:43
CUST000890,Cynthia,Dennis,clarkdavid@example.net,001-876-372-0191x116,2022-09-29 13:06:26
CUST000891,Henry,Martinez,griffinjennifer@example.net,001-787-533-9304x9366,2023-12-18 19:45:49
CUST000892,Donna,Gibson,kimberly12@example.com,(711)240-8682,2024-01-31 22:21:02
CUST000893,Mark,Taylor,nicholas09@example.org,001-955-261-0399x529,2024-09-06 20:36:05
CUST000894,Jeremy,Chavez,joshuacoleman@example.com,+1-658-356-4230,2025-01-07 05:06:38
CUST000895,Kimberly,Johnson,bconrad@example.org,(292)973-8740x299,2024-07-05 20:55:23
CUST000896,Tamara,Reynolds,gutierrezdavid@example.com,715.854.2034x03010,2025-03-23 04:56:34
CUST000897,Anne,Tate,yrichardson@example.com,+1-915-379-5546x234,2022-10-07 14:26:27
CUST000898,Lisa,Murray,rodriguezangela@example.org,410.830.6831x76417,2023-11-27 01:37:06
CUST000899,Amy,Black,seth29@example.org,001-215-907-1380x6713,2024-06-29 01:28:07
CUST000900,Martin,Novak,michael84@example.com,736-921-3009x6258,2023-08-20 02:39:17
CUST000901,Ruben,King,harrisanna@example.com,839.462.7466,2022-08-05 04:09:08
CUST000902,Brenda,Warren,hollyalvarez@example.org,2463661459,2024-09-27 09:05:57
CUST000903,Brent,Chapman,qmartinez@example.org,2497388194,2023-02-07 17:08:13
CUST000904,Whitney,Jones,bobbybishop@example.net,5943976987,2022-12-14 06:39:59
CUST000905,Brittany,Jennings,jreyes@example.net,616-561-2374x0779,2023-01-21 04:52:36
CUST000906,Grant,Morris,jasonbarker@example.net,+1-499-249-9197x01426,2022-12-31 10:41:47
CUST000907,Brent,Murray,danieljenkins@example.org,+1-904-418-1359x98989,2025-01-17 10:41:06
CUST000908,Christopher,Wallace,simonamanda@example.net,001-448-401-8644,2024-08-17 13:37:29
CUST000909,Shannon,Beard,alejandra39@example.com,957.308.2004x80675,2024-11-03 06:55:32
CUST000910,Hector,Lopez,evansrichard@example.net,+1-812-987-9429x68827,2024-05-07 11:02:04
CUST000911,Brendan,Williams,jerome14@example.org,001-461-956-0783,2023-03-17 20:23:21
CUST000912,Patricia,Vazquez,mathewbennett@example.org,001-579-662-4096x49668,2025-02-28 04:12:25
CUST000913,Ruben,Baker,edward70@example.org,+1-851-662-2593,2023-12-25 21:49:36
CUST000914,David,Shaw,josephross@example.net,339.806.2467x28799,2022-06-03 21:22:59
CUST000915,Marissa,Davis,lewismaria@example.net,001-435-592-3613x37605,2022-06-27 16:36:21
CUST000916,Jonathan,Hawkins,moraleskimberly@example.net,3258447241,2023-04-23 19:45:54
CUST000917,Anthony,Lee,joshua96@example.com,277-218-2498,2024-12-14 08:06:48
CUST000918,Steven,Arnold,nelsonscott@example.com,513.859.2664x86989,2024-06-11 09:15:29
CUST000919,Andrea,Collins,sbradley@example.org,759-545-0119x29207,2024-06-11 22:42:10
CUST000920,Patrick,Neal,daniel71@example.com,+1-603-798-8636x53621,2023-06-22 12:08:55
CUST000921,Brian,Washington,johnsondiana@example.net,824-889-4204x6648,2023-11-06 12:10:22
CUST000922,Brendan,Mccormick,evan45@example.com,(277)858-0974x533,2022-10-01 00:40:24
CUST000923,Melody,Wood,yliu@example.org,+1-226-254-0165x9953,2024-06-09 12:55:49
CUST000924,Emma,Martin,davidhernandez@example.org,001-376-477-4625x91601,2023-03-14 08:38:18
CUST000925,Tonya,Davis,amanda86@example.org,9804179867,2022-12-11 05:36:31
CUST000926,Christian,Lane,scott04@example.com,(264)526-1212,2023-12-10 17:38:40
CUST000927,Jeremy,Wolf,bpeterson@example.com,001-496-680-7852x548,2022-09-27 19:25:59
CUST000928,Emily,Neal,wesleyjohns@example.com,001-340-406-4454x75231,2025-03-09 22:18:17
CUST000929,Eric,Marquez,imitchell@example.net,001-579-817-7633x42720,2024-05-29 21:45:48
CUST000930,Lori,Hurst,jennifer80@example.org,+1-463-604-5306x935,2024-03-24 03:53:28
CUST000931,Jerome,Abbott,alexander18@example.org,001-667-678-4816x524,2025-02-07 15:01:02
CUST000932,Stephanie,Green,ibrown@example.org,+1-351-279-9378,2024-04-12 11:56:38
CUST000933,Debra,Lozano,john91@example.org,+1-878-484-8699,2025-01-03 14:18:20
CUST000934,Kathy,George,victoria57@example.net,001-827-614-7246x301,2022-11-18 09:33:31
CUST000935,David,Harris,brittanymartin@example.org,491.521.8706,2025-04-21 13:40:37
CUST000936,Zachary,Robertson,josephangela@example.org,(221)201-0232,2022-07-18 18:13:50
CUST000937,Alexa,Murray,bwilson@example.net,+1-398-676-1081x4356,2022-07-17 07:34:08
CUST000938,Jenny,Hurst,sarah31@example.net,207.246.8235x46951,2022-12-14 03:49:37
CUST000939,Kendra,Smith,amoon@example.com,859-667-1500x666,2022-08-19 12:15:56
CUST000940,Alexander,Holland,kerry11@example.net,640.978.5169,2022-06-25 16:25:46
CUST000941,Christina,Richardson,russellkelley@example.com,+1-826-989-9962,2024-09-16 05:15:36
CUST000942,Allison,Fernandez,kennedywanda@example.net,+1-979-815-0596x2571,2022-06-05 08:02:28
CUST000943,Brooke,Martinez,andersonnicole@example.com,789.482.6041x809,2025-03-05 20:33:55
CUST000944,Kristen,Ward,teresa17@example.com,441.627.4692x118,2022-08-19 08:58:06
CUST000945,Jennifer,Powell,ryanthompson@example.org,+1-375-789-1704x542,2024-05-25 10:51:47
CUST000946,Nathan,Bass,floreskimberly@example.org,2923257090,2024-04-01 21:51:00
CUST000947,Jeffrey,Padilla,robert07@example.org,724.672.8289,2022-05-16 06:40:35
CUST000948,Christopher,Meyer,eugenegreen@example.com,912.361.6850,2022-07-14 06:07:58
CUST000949,Michael,Hart,davisautumn@example.org,+1-927-211-5261x053,2024-10-25 12:48:49
CUST000950,Derek,Williams,bjones@example.net,900-874-1894x85432,2024-02-19 04:23:58
CUST000951,Ashley,Grimes,mcooper@example.com,371-561-9827x348,2025-01-22 02:22:01
CUST000952,Jessica,Jones,martin25@example.net,+1-796-432-1743x57483,2023-08-14 09:10:12
CUST000953,Bruce,Atkins,bwilliams@example.com,698.434.4883,2023-04-23 20:42:23
CUST000954,Jeremy,Morse,richard28@example.org,750-877-4065x79551,2022-11-01 08:16:46
CUST000955,Anne,Daniel,wheeleramber@example.com,001-851-307-4091x31117,2024-02-27 20:46:20
CUST000956,Gloria,Thomas,janet76@example.org,+1-422-406-9535x41201,2023-09-02 01:31:14
CUST000957,Lee,Leon,monica00@example.org,(201)951-5325x94795,2023-03-16 02:23:45
CUST000958,Stephanie,Vasquez,ipadilla@example.com,+1-680-559-5031x006,2025-04-06 17:02:19
CUST000959,Kendra,Smith,smithmichael@example.org,660.389.4118,2025-03-21 22:00:11
CUST000960,Veronica,Rogers,susanhoward@example.org,(295)220-5610x067,2023-07-20 07:31:53
CUST000961,Roy,Sloan,jonespaul@example.com,740.537.8423x3944,2022-06-02 04:48:59
CUST000962,Philip,Ellis,matthewsmith@example.org,+1-350-917-3654x2624,2023-12-20 00:25:15
CUST000963,Isaiah,Brown,dorisarmstrong@example.org,234.851.1009,2024-11-14 08:52:10
CUST000964,Brandon,Sanchez,pdixon@example.org,(211)666-7329,2025-01-16 06:46:20
CUST000965,Matthew,Hester,kcook@example.net,+1-875-692-1299,2022-11-10 03:20:35
CUST000966,Brandon,Ashley,robertbrock@example.org,9279558214,2025-01-09 05:05:36
CUST000967,Heather,Martinez,zwilson@example.com,(438)302-3621,2023-05-31 19:21:54
CUST000968,Renee,Floyd,rsharp@example.com,001-716-711-8638,2024-01-03 06:02:19
CUST000969,Christopher,Chapman,ashley77@example.org,001-516-388-0053x789,2023-12-31 05:47:25
CUST000970,Nicholas,Bender,znolan@example.net,454-501-8227x200,2024-03-14 05:05:00
CUST000971,Amanda,Garrett,derekdougherty@example.org,714-547-4328x116,2024-06-16 10:42:38
CUST000972,Emily,Fitzgerald,andersoncynthia@example.org,523-222-7752x135,2025-01-18 14:39:18
CUST000973,Katherine,Gordon,drogers@example.com,863-300-5937x775,2024-03-09 21:37:41
CUST000974,Jeffrey,Tate,pearsonvicki@example.org,(517)646-9029x83104,2022-07-22 23:24:37
CUST000975,Paul,Martin,solisjames@example.org,(570)880-5685x66706,2025-02-21 22:32:37
CUST000976,Christopher,Hunt,dcox@example.com,001-644-540-7663,2024-07-04 03:53:37
CUST000977,Ashley,Cooper,deborah62@example.com,422.662.6114,2023-01-02 17:52:54
CUST000978,Robert,Taylor,shelley85@example.com,+1-521-688-0879x91962,2025-01-28 09:18:07
CUST000979,Jennifer,Barrett,mbaker@example.net,532-247-2505x83334,2024-10-12 12:06:57
CUST000980,John,Miller,melinda87@example.com,7549576947,2023-07-24 05:57:36
CUST000981,Jennifer,Le,jennifer53@example.com,865.397.4669,2023-08-25 14:02:41
CUST000982,Rebecca,Martinez,matthewwood@example.net,001-409-759-4815x269,2024-09-17 23:43:18
CUST000983,Nathan,James,megan21@example.org,4748235914,2022-09-21 22:07:42
CUST000984,Lisa,Williams,debra93@example.org,(861)545-4307,2024-04-30 00:23:04
CUST000985,Stephen,Garcia,johnsondebbie@example.net,978-352-2115,2025-02-06 22:12:38
CUST000986,Angela,Flores,michaelmontes@example.com,001-226-887-4470x1732,2024-09-29 01:17:16
CUST000987,Nancy,Hoover,rebeccaford@example.org,001-366-656-3370,2025-02-01 07:33:53
CUST000988,Debbie,Williams,lisa78@example.org,4554800027,2022-07-21 16:42:31
CUST000989,Jacob,Ford,davidjohnson@example.com,291.536.8172,2022-09-20 22:02:17
CUST000990,Nicholas,Reed,aprilmyers@example.net,7925973525,2025-01-30 16:36:51
CUST000991,Eddie,Hernandez,nperez@example.org,899.320.4573x53236,2023-11-17 04:59:34
CUST000992,Teresa,Harrison,solomonandrea@example.com,5828697182,2022-06-21 23:31:01
CUST000993,Alexis,Martinez,pgarcia@example.net,688.821.7648,2023-10-16 16:08:29
CUST000994,Mark,Molina,dustinpetty@example.org,001-422-428-0194x425,2022-11-22 08:23:40
CUST000995,Susan,Sullivan,nwhite@example.com,250.663.7311,2023-07-19 06:12:19
CUST000996,Laura,Hill,adamcaldwell@example.org,+1-841-485-2013,2023-07-24 03:45:10
CUST000997,Brian,Mueller,uperez@example.com,+1-356-715-4705x54912,2022-08-13 10:25:23
CUST000998,Tiffany,Adams,knightsamantha@example.com,964-709-1969x39578,2024-10-08 01:20:01
CUST000999,Brian,Lara,andrewjackson@example.org,+1-801-897-1212x41393,2023-09-29 11:02:50
CUST001000,Ashley,Gibson,knightalexandra@example.org,426-977-3192,2024-04-23 17:14:39
